"../../../Engine/Plugins/2D/Paper2D/Content/PlaceholderTextures/DummySpriteTexture.ubulk" 0
"../../../Engine/Plugins/2D/Paper2D/Content/PlaceholderTextures/DummySpriteTexture.uasset" 1
"../../../Engine/Plugins/2D/Paper2D/Content/PlaceholderTextures/DummySpriteTexture.uexp" 2
"../../../Engine/Plugins/2D/Paper2D/Content/DummySprite.uasset" 3
"../../../Engine/Plugins/2D/Paper2D/Content/DummySprite.uexp" 4
"../../../Engine/Plugins/2D/Paper2D/Content/DefaultPaperTerrainMaterial.uasset" 5
"../../../Engine/Plugins/2D/Paper2D/Content/DefaultPaperTerrainMaterial.uexp" 6
"../../../Engine/Plugins/Interchange/Runtime/Content/Pipelines/DefaultTexturePipeline.uasset" 7
"../../../Engine/Plugins/Interchange/Runtime/Content/Pipelines/DefaultTexturePipeline.uexp" 8
"../../../Engine/Plugins/Interchange/Runtime/Content/Pipelines/DefaultSceneLevelPipeline.uasset" 9
"../../../Engine/Plugins/Interchange/Runtime/Content/Pipelines/DefaultSceneLevelPipeline.uexp" 10
"../../../Engine/Plugins/Interchange/Runtime/Content/Pipelines/DefaultSceneAssetsPipeline.uasset" 11
"../../../Engine/Plugins/Interchange/Runtime/Content/Pipelines/DefaultSceneAssetsPipeline.uexp" 12
"../../../Engine/Plugins/Interchange/Runtime/Content/Pipelines/DefaultMaterialXPipeline.uasset" 13
"../../../Engine/Plugins/Interchange/Runtime/Content/Pipelines/DefaultMaterialXPipeline.uexp" 14
"../../../Engine/Plugins/Interchange/Runtime/Content/Pipelines/DefaultMaterialPipeline.uasset" 15
"../../../Engine/Plugins/Interchange/Runtime/Content/Pipelines/DefaultMaterialPipeline.uexp" 16
"../../../Engine/Plugins/Interchange/Runtime/Content/Pipelines/DefaultGLTFSceneAssetsPipeline.uasset" 17
"../../../Engine/Plugins/Interchange/Runtime/Content/Pipelines/DefaultGLTFSceneAssetsPipeline.uexp" 18
"../../../Engine/Plugins/Interchange/Runtime/Content/Pipelines/DefaultGLTFPipeline.uasset" 19
"../../../Engine/Plugins/Interchange/Runtime/Content/Pipelines/DefaultGLTFPipeline.uexp" 20
"../../../Engine/Plugins/Interchange/Runtime/Content/Pipelines/DefaultGLTFAssetsPipeline.uasset" 21
"../../../Engine/Plugins/Interchange/Runtime/Content/Pipelines/DefaultGLTFAssetsPipeline.uexp" 22
"../../../Engine/Plugins/Interchange/Runtime/Content/Pipelines/DefaultAssetsPipeline.uasset" 23
"../../../Engine/Plugins/Interchange/Runtime/Content/Pipelines/DefaultAssetsPipeline.uexp" 24
"../../../Engine/Plugins/Animation/ControlRig/Content/Controls/DefaultGizmoLibraryNormalized.uasset" 25
"../../../Engine/Plugins/Animation/ControlRig/Content/Controls/DefaultGizmoLibraryNormalized.uexp" 26
"../../../Engine/Content/EngineMaterials/DefaultPhysicalMaterial.uasset" 27
"../../../Engine/Content/EngineMaterials/DefaultPhysicalMaterial.uexp" 28
"../../../Engine/Content/EngineMaterials/DefaultDestructiblePhysicalMaterial.uasset" 29
"../../../Engine/Content/EngineMaterials/DefaultDestructiblePhysicalMaterial.uexp" 30
"../../../Engine/Content/EngineFonts/Faces/RobotoLight.uexp" 31
"../../../Engine/Content/EngineFonts/Faces/RobotoLight.uasset" 32
"../../../Engine/Content/EngineFonts/Faces/RobotoLight.ufont" 33
"../../../Engine/Content/EngineFonts/Faces/RobotoBold.uexp" 34
"../../../Engine/Content/EngineFonts/Faces/RobotoBold.uasset" 35
"../../../Engine/Content/EngineFonts/Faces/RobotoBold.ufont" 36
"../../../Engine/Content/EngineFonts/Faces/RobotoRegular.uexp" 37
"../../../Engine/Content/EngineFonts/Faces/RobotoRegular.uasset" 38
"../../../Engine/Content/EngineFonts/Faces/RobotoRegular.ufont" 39
"../../../Engine/Content/EngineFonts/Faces/DroidSansFallback.uexp" 40
"../../../Engine/Content/EngineFonts/Faces/DroidSansFallback.uasset" 41
"../../../Engine/Content/EngineFonts/Faces/DroidSansFallback.ufont" 42
"../../../Engine/Content/EngineFonts/Faces/RobotoItalic.uexp" 43
"../../../Engine/Content/EngineFonts/Faces/RobotoItalic.uasset" 44
"../../../Engine/Content/EngineFonts/Faces/RobotoItalic.ufont" 45
"../../../Engine/Content/EngineFonts/Faces/RobotoBoldItalic.uexp" 46
"../../../Engine/Content/EngineFonts/Faces/RobotoBoldItalic.uasset" 47
"../../../Engine/Content/EngineFonts/Faces/RobotoBoldItalic.ufont" 48
"../../../Engine/Content/EngineFonts/Roboto.uasset" 49
"../../../Engine/Content/EngineFonts/Roboto.uexp" 50
"../../../Engine/Content/Animation/DefaultRecorderBoneCompression.uasset" 51
"../../../Engine/Content/Animation/DefaultRecorderBoneCompression.uexp" 52
"../../../Engine/Content/EditorResources/S_Actor.ubulk" 53
"../../../Engine/Content/EditorResources/S_Actor.uasset" 54
"../../../Engine/Content/EditorResources/S_Actor.uexp" 55
"../../../Engine/Plugins/Runtime/AudioWidgets/Content/Resources/ScrubHandleDown_Clamped.uasset" 56
"../../../Engine/Plugins/Runtime/AudioWidgets/Content/Resources/ScrubHandleDown_Clamped.uexp" 57
"../../../Engine/Content/EngineResources/GradientTexture0.uasset" 58
"../../../Engine/Content/EngineResources/GradientTexture0.uexp" 59
"../../../Engine/Content/EngineResources/DefaultTexture.ubulk" 60
"../../../Engine/Content/EngineResources/DefaultTexture.uasset" 61
"../../../Engine/Content/EngineResources/DefaultTexture.uexp" 62
"../../../Engine/Content/EngineResources/Black.uasset" 63
"../../../Engine/Content/EngineResources/Black.uexp" 64
"../../../Engine/Content/EngineMaterials/PreintegratedSkinBRDF.uasset" 65
"../../../Engine/Content/EngineMaterials/PreintegratedSkinBRDF.uexp" 66
"../../../Engine/Content/EngineMaterials/MiniFont.uasset" 67
"../../../Engine/Content/EngineMaterials/MiniFont.uexp" 68
"../../../Engine/Content/EngineMaterials/FastBlueNoise_vec2_128x128x64.uasset" 69
"../../../Engine/Content/EngineMaterials/FastBlueNoise_vec2_128x128x64.uexp" 70
"../../../Engine/Content/EngineMaterials/FastBlueNoise_scalar_128x128x64.uasset" 71
"../../../Engine/Content/EngineMaterials/FastBlueNoise_scalar_128x128x64.uexp" 72
"../../../Engine/Content/EngineMaterials/DefaultWhiteGrid.ubulk" 73
"../../../Engine/Content/EngineMaterials/DefaultWhiteGrid.uasset" 74
"../../../Engine/Content/EngineMaterials/DefaultWhiteGrid.uexp" 75
"../../../Engine/Content/EngineMaterials/DefaultBokeh.uasset" 76
"../../../Engine/Content/EngineMaterials/DefaultBokeh.uexp" 77
"../../../Engine/Content/EngineMaterials/DefaultBloomKernel.uasset" 78
"../../../Engine/Content/EngineMaterials/DefaultBloomKernel.uexp" 79
"../../../Engine/Content/EngineDamageTypes/DmgTypeBP_Environmental.uasset" 80
"../../../Engine/Content/EngineDamageTypes/DmgTypeBP_Environmental.uexp" 81
"../../../Engine/Content/EditorResources/S_TriggerSphere.uasset" 82
"../../../Engine/Content/EditorResources/S_TriggerSphere.uexp" 83
"../../../Engine/Content/EditorResources/S_TriggerCapsule.uasset" 84
"../../../Engine/Content/EditorResources/S_TriggerCapsule.uexp" 85
"../../../Engine/Content/EditorResources/S_TriggerBox.uasset" 86
"../../../Engine/Content/EditorResources/S_TriggerBox.uexp" 87
"../../../Engine/Content/EditorResources/S_Trigger.ubulk" 88
"../../../Engine/Content/EditorResources/S_Trigger.uasset" 89
"../../../Engine/Content/EditorResources/S_Trigger.uexp" 90
"../../../Engine/Content/EditorResources/S_Terrain.ubulk" 91
"../../../Engine/Content/EditorResources/S_Terrain.uasset" 92
"../../../Engine/Content/EditorResources/S_Terrain.uexp" 93
"../../../Engine/Content/EditorResources/S_Solver.ubulk" 94
"../../../Engine/Content/EditorResources/S_Solver.uasset" 95
"../../../Engine/Content/EditorResources/S_Solver.uexp" 96
"../../../Engine/Content/EditorResources/S_BoxReflectionCapture.uasset" 97
"../../../Engine/Content/EditorResources/S_BoxReflectionCapture.uexp" 98
"../../../Engine/Content/EditorResources/EmptyActor.uasset" 99
"../../../Engine/Content/EditorResources/EmptyActor.uexp" 100
"../../../Engine/Content/EditorResources/BSPVertex.uasset" 101
"../../../Engine/Content/EditorResources/BSPVertex.uexp" 102
"../../../Engine/Content/EditorLandscapeResources/DefaultAlphaTexture.uasset" 103
"../../../Engine/Content/EditorLandscapeResources/DefaultAlphaTexture.uexp" 104
"../../../Engine/Content/EngineResources/FilmGrains/Marcie_Grain_v3_128_M2_000.uasset" 105
"../../../Engine/Content/EngineResources/FilmGrains/Marcie_Grain_v3_128_M2_000.uexp" 106
"../../../Engine/Content/EngineMaterials/LTC/Sheen_LTC.uasset" 107
"../../../Engine/Content/EngineMaterials/LTC/Sheen_LTC.uexp" 108
"../../../Engine/Content/EngineMaterials/LTC/GGX_LTCMat.uasset" 109
"../../../Engine/Content/EngineMaterials/LTC/GGX_LTCMat.uexp" 110
"../../../Engine/Content/EngineMaterials/LTC/GGX_LTCAmp.uasset" 111
"../../../Engine/Content/EngineMaterials/LTC/GGX_LTCAmp.uexp" 112
"../../../Engine/Content/EngineMaterials/EnergyConservation/Sheen_Energy.uasset" 113
"../../../Engine/Content/EngineMaterials/EnergyConservation/Sheen_Energy.uexp" 114
"../../../Engine/Content/EngineMaterials/EnergyConservation/SheenLegacy_Energy.uasset" 115
"../../../Engine/Content/EngineMaterials/EnergyConservation/SheenLegacy_Energy.uexp" 116
"../../../Engine/Content/EngineMaterials/EnergyConservation/GGX_TransmissionEnergyArray.uasset" 117
"../../../Engine/Content/EngineMaterials/EnergyConservation/GGX_TransmissionEnergyArray.uexp" 118
"../../../Engine/Content/EngineMaterials/EnergyConservation/GGX_ReflectionEnergy.uasset" 119
"../../../Engine/Content/EngineMaterials/EnergyConservation/GGX_ReflectionEnergy.uexp" 120
"../../../Engine/Content/EngineMaterials/EnergyConservation/Diffuse_Energy.uasset" 121
"../../../Engine/Content/EngineMaterials/EnergyConservation/Diffuse_Energy.uexp" 122
"../../../Engine/Content/EditorResources/SequenceRecorder/RecordingIndicator.uasset" 123
"../../../Engine/Content/EditorResources/SequenceRecorder/RecordingIndicator.uexp" 124
"../../../Engine/Content/EditorResources/SequenceRecorder/Countdown.uasset" 125
"../../../Engine/Content/EditorResources/SequenceRecorder/Countdown.uexp" 126
"../../../Engine/Content/EditorMaterials/ParticleSystems/PSysThumbnail_OOD.ubulk" 127
"../../../Engine/Content/EditorMaterials/ParticleSystems/PSysThumbnail_OOD.uasset" 128
"../../../Engine/Content/EditorMaterials/ParticleSystems/PSysThumbnail_OOD.uexp" 129
"../../../Engine/Content/EditorMaterials/ParticleSystems/PSysThumbnail_NoImage.ubulk" 130
"../../../Engine/Content/EditorMaterials/ParticleSystems/PSysThumbnail_NoImage.uasset" 131
"../../../Engine/Content/EditorMaterials/ParticleSystems/PSysThumbnail_NoImage.uexp" 132
"../../../Engine/Content/EngineResources/DefaultTextureCube.uasset" 133
"../../../Engine/Content/EngineResources/DefaultTextureCube.uexp" 134
"../../../Engine/Content/EngineResources/DefaultVolumeTexture2D.uasset" 135
"../../../Engine/Content/EngineResources/DefaultVolumeTexture2D.uexp" 136
"../../../Engine/Content/EngineResources/DefaultVolumeTexture.uasset" 137
"../../../Engine/Content/EngineResources/DefaultVolumeTexture.uexp" 138
"../../../Engine/Content/EngineMeshes/Sphere.ubulk" 139
"../../../Engine/Content/EngineMeshes/Sphere.uasset" 140
"../../../Engine/Content/EngineMeshes/Sphere.uexp" 141
"../../../Engine/Plugins/NNE/NNEDenoiser/Content/NNEDTOM_Output_Default.uasset" 142
"../../../Engine/Plugins/NNE/NNEDenoiser/Content/NNEDTOM_Output_Default.uexp" 143
"../../../Engine/Plugins/NNE/NNEDenoiser/Content/NNEDTOM_Output_Alpha.uasset" 144
"../../../Engine/Plugins/NNE/NNEDenoiser/Content/NNEDTOM_Output_Alpha.uexp" 145
"../../../Engine/Plugins/NNE/NNEDenoiser/Content/NNEDTIM_ColorAlbedoNormal_Default.uasset" 146
"../../../Engine/Plugins/NNE/NNEDenoiser/Content/NNEDTIM_ColorAlbedoNormal_Default.uexp" 147
"../../../Engine/Plugins/NNE/NNEDenoiser/Content/NNEDTIM_ColorAlbedoNormal_Alpha.uasset" 148
"../../../Engine/Plugins/NNE/NNEDenoiser/Content/NNEDTIM_ColorAlbedoNormal_Alpha.uexp" 149
"../../../Engine/Plugins/NNE/NNEDenoiser/Content/NNEDOM_Output_Default.uasset" 150
"../../../Engine/Plugins/NNE/NNEDenoiser/Content/NNEDOM_Output_Default.uexp" 151
"../../../Engine/Plugins/NNE/NNEDenoiser/Content/NNEDOM_Output_Alpha.uasset" 152
"../../../Engine/Plugins/NNE/NNEDenoiser/Content/NNEDOM_Output_Alpha.uexp" 153
"../../../Engine/Plugins/NNE/NNEDenoiser/Content/NNEDIM_HighQuality_Default.uasset" 154
"../../../Engine/Plugins/NNE/NNEDenoiser/Content/NNEDIM_HighQuality_Default.uexp" 155
"../../../Engine/Plugins/NNE/NNEDenoiser/Content/NNEDIM_HighQuality_Alpha.uasset" 156
"../../../Engine/Plugins/NNE/NNEDenoiser/Content/NNEDIM_HighQuality_Alpha.uexp" 157
"../../../Engine/Plugins/NNE/NNEDenoiser/Content/NNEDIM_ColorAlbedoNormal_Default.uasset" 158
"../../../Engine/Plugins/NNE/NNEDenoiser/Content/NNEDIM_ColorAlbedoNormal_Default.uexp" 159
"../../../Engine/Plugins/NNE/NNEDenoiser/Content/NNEDIM_ColorAlbedoNormal_Alpha.uasset" 160
"../../../Engine/Plugins/NNE/NNEDenoiser/Content/NNEDIM_ColorAlbedoNormal_Alpha.uexp" 161
"../../../Engine/Content/EngineMaterials/T_Default_Material_Grid_M.ubulk" 162
"../../../Engine/Content/EngineMaterials/T_Default_Material_Grid_M.uasset" 163
"../../../Engine/Content/EngineMaterials/T_Default_Material_Grid_M.uexp" 164
"../../../Engine/Content/EngineMaterials/T_Default_Material_Grid_N.ubulk" 165
"../../../Engine/Content/EngineMaterials/T_Default_Material_Grid_N.uasset" 166
"../../../Engine/Content/EngineMaterials/T_Default_Material_Grid_N.uexp" 167
"../../../Engine/Content/Functions/Engine_MaterialFunctions01/Opacity/CameraDepthFade.uasset" 168
"../../../Engine/Content/Functions/Engine_MaterialFunctions01/Opacity/CameraDepthFade.uexp" 169
"../../../Engine/Content/EngineMaterials/WorldGridMaterial.uasset" 170
"../../../Engine/Content/EngineMaterials/WorldGridMaterial.uexp" 171
"../../../Engine/Plugins/Media/MediaPlate/Content/SM_MediaPlateScreen.ubulk" 172
"../../../Engine/Plugins/Media/MediaPlate/Content/SM_MediaPlateScreen.uasset" 173
"../../../Engine/Plugins/Media/MediaPlate/Content/SM_MediaPlateScreen.uexp" 174
"../../../Engine/Content/Functions/Engine_MaterialFunctions02/WorldPositionOffset/CameraOffset.uasset" 175
"../../../Engine/Content/Functions/Engine_MaterialFunctions02/WorldPositionOffset/CameraOffset.uexp" 176
"../../../Engine/Plugins/Animation/ControlRig/Content/M_Manip.uasset" 177
"../../../Engine/Plugins/Animation/ControlRig/Content/M_Manip.uexp" 178
"../../../Engine/Plugins/2D/Paper2D/Content/DefaultSpriteMaterial.uasset" 179
"../../../Engine/Plugins/2D/Paper2D/Content/DefaultSpriteMaterial.uexp" 180
"../../../Engine/Plugins/2D/Paper2D/Content/OpaqueUnlitSpriteMaterial.uasset" 181
"../../../Engine/Plugins/2D/Paper2D/Content/OpaqueUnlitSpriteMaterial.uexp" 182
"../../../Engine/Plugins/2D/Paper2D/Content/MaskedUnlitSpriteMaterial.uasset" 183
"../../../Engine/Plugins/2D/Paper2D/Content/MaskedUnlitSpriteMaterial.uexp" 184
"../../../Engine/Plugins/Runtime/MeshModelingToolset/Content/Materials/M_DynamicMeshComponentVtxColor.uasset" 185
"../../../Engine/Plugins/Runtime/MeshModelingToolset/Content/Materials/M_DynamicMeshComponentVtxColor.uexp" 186
"../../../Engine/Plugins/Runtime/HairStrands/Content/Materials/HairMeshesDefaultMaterial.uasset" 187
"../../../Engine/Plugins/Runtime/HairStrands/Content/Materials/HairMeshesDefaultMaterial.uexp" 188
"../../../Engine/Plugins/Runtime/HairStrands/Content/Materials/HairDefaultMaterial.uasset" 189
"../../../Engine/Plugins/Runtime/HairStrands/Content/Materials/HairDefaultMaterial.uexp" 190
"../../../Engine/Plugins/Runtime/HairStrands/Content/Materials/HairGroupColors.uasset" 191
"../../../Engine/Plugins/Runtime/HairStrands/Content/Materials/HairGroupColors.uexp" 192
"../../../Engine/Content/Functions/Engine_MaterialFunctions02/Utility/MakeFloat2.uasset" 193
"../../../Engine/Content/Functions/Engine_MaterialFunctions02/Utility/MakeFloat2.uexp" 194
"../../../Engine/Content/Functions/Engine_MaterialFunctions02/Utility/MakeFloat3.uasset" 195
"../../../Engine/Content/Functions/Engine_MaterialFunctions02/Utility/MakeFloat3.uexp" 196
"../../../Engine/Content/EngineMaterials/HairColorMap.uasset" 197
"../../../Engine/Content/EngineMaterials/HairColorMap.uexp" 198
"../../../Engine/Content/EngineMaterials/HairDebugColor.uasset" 199
"../../../Engine/Content/EngineMaterials/HairDebugColor.uexp" 200
"../../../Engine/Plugins/Runtime/HairStrands/Content/Materials/HairDebugMaterial.uasset" 201
"../../../Engine/Plugins/Runtime/HairStrands/Content/Materials/HairDebugMaterial.uexp" 202
"../../../Engine/Plugins/Runtime/HairStrands/Content/Materials/HairCardsDefaultMaterial.uasset" 203
"../../../Engine/Plugins/Runtime/HairStrands/Content/Materials/HairCardsDefaultMaterial.uexp" 204
"../../../Engine/Content/Functions/Engine_MaterialFunctions02/Texturing/CustomRotator.uasset" 205
"../../../Engine/Content/Functions/Engine_MaterialFunctions02/Texturing/CustomRotator.uexp" 206
"../../../Engine/Content/Functions/Engine_MaterialFunctions02/Utility/BreakOutFloat2Components.uasset" 207
"../../../Engine/Content/Functions/Engine_MaterialFunctions02/Utility/BreakOutFloat2Components.uexp" 208
"../../../Engine/Content/Functions/Engine_MaterialFunctions01/Texturing/ScaleUVsByCenter.uasset" 209
"../../../Engine/Content/Functions/Engine_MaterialFunctions01/Texturing/ScaleUVsByCenter.uexp" 210
"../../../Engine/Plugins/Runtime/AudioWidgets/Content/AudioMaterialSlate/Functions/MF_SingleLine_Smooth.uasset" 211
"../../../Engine/Plugins/Runtime/AudioWidgets/Content/AudioMaterialSlate/Functions/MF_SingleLine_Smooth.uexp" 212
"../../../Engine/Plugins/Runtime/AudioWidgets/Content/AudioMaterialSlate/Functions/MF_AngleGradient.uasset" 213
"../../../Engine/Plugins/Runtime/AudioWidgets/Content/AudioMaterialSlate/Functions/MF_AngleGradient.uexp" 214
"../../../Engine/Plugins/Runtime/AudioWidgets/Content/AudioMaterialSlate/Functions/MF_SingleLine.uasset" 215
"../../../Engine/Plugins/Runtime/AudioWidgets/Content/AudioMaterialSlate/Functions/MF_SingleLine.uexp" 216
"../../../Engine/Content/Functions/Engine_MaterialFunctions01/Gradient/SphereGradient-2D.uasset" 217
"../../../Engine/Content/Functions/Engine_MaterialFunctions01/Gradient/SphereGradient-2D.uexp" 218
"../../../Engine/Plugins/Runtime/AudioWidgets/Content/AudioMaterialSlate/M_AudioMaterialToggleButton.uasset" 219
"../../../Engine/Plugins/Runtime/AudioWidgets/Content/AudioMaterialSlate/M_AudioMaterialToggleButton.uexp" 220
"../../../Engine/Plugins/Runtime/AudioWidgets/Content/AudioMaterialSlate/MI_AudioMaterialToggleButton.uasset" 221
"../../../Engine/Plugins/Runtime/AudioWidgets/Content/AudioMaterialSlate/MI_AudioMaterialToggleButton.uexp" 222
"../../../Engine/Content/Functions/Engine_MaterialFunctions02/Utility/VectorLength.uasset" 223
"../../../Engine/Content/Functions/Engine_MaterialFunctions02/Utility/VectorLength.uexp" 224
"../../../Engine/Content/Functions/Engine_MaterialFunctions01/Gradient/GeneratedRoundRect.uasset" 225
"../../../Engine/Content/Functions/Engine_MaterialFunctions01/Gradient/GeneratedRoundRect.uexp" 226
"../../../Engine/Plugins/Runtime/AudioWidgets/Content/AudioMaterialSlate/M_AudioMaterialRoundedSlider.uasset" 227
"../../../Engine/Plugins/Runtime/AudioWidgets/Content/AudioMaterialSlate/M_AudioMaterialRoundedSlider.uexp" 228
"../../../Engine/Plugins/Runtime/AudioWidgets/Content/AudioMaterialSlate/MI_AudioMaterialRoundedSlider.uasset" 229
"../../../Engine/Plugins/Runtime/AudioWidgets/Content/AudioMaterialSlate/MI_AudioMaterialRoundedSlider.uexp" 230
"../../../Engine/Plugins/Runtime/AudioWidgets/Content/AudioMaterialSlate/Functions/MF_Lines.uasset" 231
"../../../Engine/Plugins/Runtime/AudioWidgets/Content/AudioMaterialSlate/Functions/MF_Lines.uexp" 232
"../../../Engine/Content/Functions/Engine_MaterialFunctions02/Lerp_3Color.uasset" 233
"../../../Engine/Content/Functions/Engine_MaterialFunctions02/Lerp_3Color.uexp" 234
"../../../Engine/Plugins/Runtime/AudioWidgets/Content/AudioMaterialSlate/M_AudioMaterialMeter.uasset" 235
"../../../Engine/Plugins/Runtime/AudioWidgets/Content/AudioMaterialSlate/M_AudioMaterialMeter.uexp" 236
"../../../Engine/Plugins/Runtime/AudioWidgets/Content/AudioMaterialSlate/MI_AudioMaterialMeter.uasset" 237
"../../../Engine/Plugins/Runtime/AudioWidgets/Content/AudioMaterialSlate/MI_AudioMaterialMeter.uexp" 238
"../../../Engine/Plugins/Runtime/AudioWidgets/Content/AudioMaterialSlate/M_AudioMaterialKnob.uasset" 239
"../../../Engine/Plugins/Runtime/AudioWidgets/Content/AudioMaterialSlate/M_AudioMaterialKnob.uexp" 240
"../../../Engine/Plugins/Runtime/AudioWidgets/Content/AudioMaterialSlate/MI_AudioMaterialKnob.uasset" 241
"../../../Engine/Plugins/Runtime/AudioWidgets/Content/AudioMaterialSlate/MI_AudioMaterialKnob.uexp" 242
"../../../Engine/Plugins/Runtime/AudioWidgets/Content/AudioMaterialSlate/Functions/MF_DotOutlined.uasset" 243
"../../../Engine/Plugins/Runtime/AudioWidgets/Content/AudioMaterialSlate/Functions/MF_DotOutlined.uexp" 244
"../../../Engine/Plugins/Runtime/AudioWidgets/Content/AudioMaterialSlate/M_AudioMaterialEnvelope_ADSR.uasset" 245
"../../../Engine/Plugins/Runtime/AudioWidgets/Content/AudioMaterialSlate/M_AudioMaterialEnvelope_ADSR.uexp" 246
"../../../Engine/Plugins/Runtime/AudioWidgets/Content/AudioMaterialSlate/MI_AudioMaterialEnvelope_ADSR.uasset" 247
"../../../Engine/Plugins/Runtime/AudioWidgets/Content/AudioMaterialSlate/MI_AudioMaterialEnvelope_ADSR.uexp" 248
"../../../Engine/Plugins/Interchange/Assets/Content/Functions/MX_UsdPreviewSurface.uasset" 249
"../../../Engine/Plugins/Interchange/Assets/Content/Functions/MX_UsdPreviewSurface.uexp" 250
"../../../Engine/Plugins/Interchange/Assets/Content/Functions/MX_UniformEDF.uasset" 251
"../../../Engine/Plugins/Interchange/Assets/Content/Functions/MX_UniformEDF.uexp" 252
"../../../Engine/Plugins/Interchange/Assets/Content/Functions/MX_TranslucentBSDF.uasset" 253
"../../../Engine/Plugins/Interchange/Assets/Content/Functions/MX_TranslucentBSDF.uexp" 254
"../../../Engine/Plugins/Interchange/Assets/Content/Functions/MX_ThinFilmBSDF.uasset" 255
"../../../Engine/Plugins/Interchange/Assets/Content/Functions/MX_ThinFilmBSDF.uexp" 256
"../../../Engine/Plugins/Interchange/Assets/Content/Functions/MX_SurfaceUnlit.uasset" 257
"../../../Engine/Plugins/Interchange/Assets/Content/Functions/MX_SurfaceUnlit.uexp" 258
"../../../Engine/Plugins/Interchange/Assets/Content/Functions/MX_Surface.uasset" 259
"../../../Engine/Plugins/Interchange/Assets/Content/Functions/MX_Surface.uexp" 260
"../../../Engine/Plugins/Interchange/Assets/Content/Functions/MX_SubsurfaceBSDF.uasset" 261
"../../../Engine/Plugins/Interchange/Assets/Content/Functions/MX_SubsurfaceBSDF.uexp" 262
"../../../Engine/Plugins/Interchange/Assets/Content/Functions/MX_SheenBSDF.uasset" 263
"../../../Engine/Plugins/Interchange/Assets/Content/Functions/MX_SheenBSDF.uexp" 264
"../../../Engine/Plugins/Interchange/Assets/Content/Functions/MX_OrenNayarBSDF.uasset" 265
"../../../Engine/Plugins/Interchange/Assets/Content/Functions/MX_OrenNayarBSDF.uexp" 266
"../../../Engine/Plugins/Interchange/Assets/Content/Utilities/New_LUT.uasset" 267
"../../../Engine/Plugins/Interchange/Assets/Content/Utilities/New_LUT.uexp" 268
"../../../Engine/Content/Functions/Engine_MaterialFunctions03/Math/RemapValueRange.uasset" 269
"../../../Engine/Content/Functions/Engine_MaterialFunctions03/Math/RemapValueRange.uexp" 270
"../../../Engine/Plugins/Interchange/Assets/Content/Functions/MF_Iridescence.uasset" 271
"../../../Engine/Plugins/Interchange/Assets/Content/Functions/MF_Iridescence.uexp" 272
"../../../Engine/Plugins/Interchange/Assets/Content/Functions/MX_StandardSurface.uasset" 273
"../../../Engine/Plugins/Interchange/Assets/Content/Functions/MX_StandardSurface.uexp" 274
"../../../Engine/Plugins/Interchange/Assets/Content/Functions/MX_TransmissionSurface.uasset" 275
"../../../Engine/Plugins/Interchange/Assets/Content/Functions/MX_TransmissionSurface.uexp" 276
"../../../Engine/Plugins/Interchange/Assets/Content/Functions/MX_OpenPBR_Translucent.uasset" 277
"../../../Engine/Plugins/Interchange/Assets/Content/Functions/MX_OpenPBR_Translucent.uexp" 278
"../../../Engine/Plugins/Interchange/Assets/Content/Functions/MX_OpenPBR_Opaque.uasset" 279
"../../../Engine/Plugins/Interchange/Assets/Content/Functions/MX_OpenPBR_Opaque.uexp" 280
"../../../Engine/Plugins/Interchange/Assets/Content/Functions/MX_MeasuredEDF.uasset" 281
"../../../Engine/Plugins/Interchange/Assets/Content/Functions/MX_MeasuredEDF.uexp" 282
"../../../Engine/Plugins/Interchange/Assets/Content/Functions/MX_GeneralizedSchlickBSDF.uasset" 283
"../../../Engine/Plugins/Interchange/Assets/Content/Functions/MX_GeneralizedSchlickBSDF.uexp" 284
"../../../Engine/Plugins/Interchange/Assets/Content/Functions/MX_DielectricBSDF.uasset" 285
"../../../Engine/Plugins/Interchange/Assets/Content/Functions/MX_DielectricBSDF.uexp" 286
"../../../Engine/Plugins/Interchange/Assets/Content/Functions/MX_ConicalEDF.uasset" 287
"../../../Engine/Plugins/Interchange/Assets/Content/Functions/MX_ConicalEDF.uexp" 288
"../../../Engine/Plugins/Interchange/Assets/Content/Functions/MX_ConductorBSDF.uasset" 289
"../../../Engine/Plugins/Interchange/Assets/Content/Functions/MX_ConductorBSDF.uexp" 290
"../../../Engine/Plugins/Interchange/Assets/Content/Functions/MX_BurleyDiffuseBSDF.uasset" 291
"../../../Engine/Plugins/Interchange/Assets/Content/Functions/MX_BurleyDiffuseBSDF.uexp" 292
"../../../Engine/Plugins/Interchange/Assets/Content/Functions/MX_AnisotropicVDF.uasset" 293
"../../../Engine/Plugins/Interchange/Assets/Content/Functions/MX_AnisotropicVDF.uexp" 294
"../../../Engine/Plugins/Interchange/Assets/Content/Functions/MX_AbsorptionVDF.uasset" 295
"../../../Engine/Plugins/Interchange/Assets/Content/Functions/MX_AbsorptionVDF.uexp" 296
"../../../Engine/Plugins/Editor/SpeedTreeImporter/Content/SpeedTree9/game_wind_noise.ubulk" 297
"../../../Engine/Plugins/Editor/SpeedTreeImporter/Content/SpeedTree9/game_wind_noise.uasset" 298
"../../../Engine/Plugins/Editor/SpeedTreeImporter/Content/SpeedTree9/game_wind_noise.uexp" 299
"../../../Engine/Plugins/Editor/SpeedTreeImporter/Content/SpeedTree9/UnpackDirection.uasset" 300
"../../../Engine/Plugins/Editor/SpeedTreeImporter/Content/SpeedTree9/UnpackDirection.uexp" 301
"../../../Engine/Content/Functions/Engine_MaterialFunctions02/ObjectLocalBounds.uasset" 302
"../../../Engine/Content/Functions/Engine_MaterialFunctions02/ObjectLocalBounds.uexp" 303
"../../../Engine/Content/Functions/Engine_MaterialFunctions02/Utility/BreakOutFloat3Components.uasset" 304
"../../../Engine/Content/Functions/Engine_MaterialFunctions02/Utility/BreakOutFloat3Components.uexp" 305
"../../../Engine/Content/Functions/Engine_MaterialFunctions02/UVs/BoundingBoxBased_0-1_UVW.uasset" 306
"../../../Engine/Content/Functions/Engine_MaterialFunctions02/UVs/BoundingBoxBased_0-1_UVW.uexp" 307
"../../../Engine/Plugins/Editor/SpeedTreeImporter/Content/SpeedTree9/UnpackInteger3.uasset" 308
"../../../Engine/Plugins/Editor/SpeedTreeImporter/Content/SpeedTree9/UnpackInteger3.uexp" 309
"../../../Engine/Plugins/Editor/SpeedTreeImporter/Content/SpeedTree9/SpeedTreeCameraFacing.uasset" 310
"../../../Engine/Plugins/Editor/SpeedTreeImporter/Content/SpeedTree9/SpeedTreeCameraFacing.uexp" 311
"../../../Engine/Content/Functions/Engine_MaterialFunctions02/WorldPositionOffset/ObjectScale.uasset" 312
"../../../Engine/Content/Functions/Engine_MaterialFunctions02/WorldPositionOffset/ObjectScale.uexp" 313
"../../../Engine/Content/Functions/Engine_MaterialFunctions02/SafeNormalize.uasset" 314
"../../../Engine/Content/Functions/Engine_MaterialFunctions02/SafeNormalize.uexp" 315
"../../../Engine/Plugins/Editor/SpeedTreeImporter/Content/SpeedTree9/SpeedTreeWindMotion.uasset" 316
"../../../Engine/Plugins/Editor/SpeedTreeImporter/Content/SpeedTree9/SpeedTreeWindMotion.uexp" 317
"../../../Engine/Plugins/Editor/SpeedTreeImporter/Content/SpeedTree9/SpeedTreeBranchMotion.uasset" 318
"../../../Engine/Plugins/Editor/SpeedTreeImporter/Content/SpeedTree9/SpeedTreeBranchMotion.uexp" 319
"../../../Engine/Plugins/Editor/SpeedTreeImporter/Content/SpeedTree9/SpeedTreeWind.uasset" 320
"../../../Engine/Plugins/Editor/SpeedTreeImporter/Content/SpeedTree9/SpeedTreeWind.uexp" 321
"../../../Engine/Plugins/Editor/SpeedTreeImporter/Content/SpeedTree9/EmptyNormal.uasset" 322
"../../../Engine/Plugins/Editor/SpeedTreeImporter/Content/SpeedTree9/EmptyNormal.uexp" 323
"../../../Engine/Plugins/Editor/SpeedTreeImporter/Content/SpeedTree9/Empty.uasset" 324
"../../../Engine/Plugins/Editor/SpeedTreeImporter/Content/SpeedTree9/Empty.uexp" 325
"../../../Engine/Plugins/Editor/SpeedTreeImporter/Content/SpeedTree9/SpeedTreeMaster.uasset" 326
"../../../Engine/Plugins/Editor/SpeedTreeImporter/Content/SpeedTree9/SpeedTreeMaster.uexp" 327
"../../../Engine/Plugins/Editor/SpeedTreeImporter/Content/SpeedTree9/SpeedTreeBillboard.uasset" 328
"../../../Engine/Plugins/Editor/SpeedTreeImporter/Content/SpeedTree9/SpeedTreeBillboard.uexp" 329
"../../../Engine/Plugins/Editor/SpeedTreeImporter/Content/SpeedTree9/SpeedTreeBillboardMaster.uasset" 330
"../../../Engine/Plugins/Editor/SpeedTreeImporter/Content/SpeedTree9/SpeedTreeBillboardMaster.uexp" 331
"../../../Engine/Plugins/Animation/ControlRig/Content/Controls/ControlRig_Wedge_solid.ubulk" 332
"../../../Engine/Plugins/Animation/ControlRig/Content/Controls/ControlRig_Wedge_solid.uasset" 333
"../../../Engine/Plugins/Animation/ControlRig/Content/Controls/ControlRig_Wedge_solid.uexp" 334
"../../../Engine/Plugins/Animation/ControlRig/Content/Controls/ControlRig_Wedge_3mm.ubulk" 335
"../../../Engine/Plugins/Animation/ControlRig/Content/Controls/ControlRig_Wedge_3mm.uasset" 336
"../../../Engine/Plugins/Animation/ControlRig/Content/Controls/ControlRig_Wedge_3mm.uexp" 337
"../../../Engine/Plugins/Animation/ControlRig/Content/Controls/ControlRig_Wedge_1mm.ubulk" 338
"../../../Engine/Plugins/Animation/ControlRig/Content/Controls/ControlRig_Wedge_1mm.uasset" 339
"../../../Engine/Plugins/Animation/ControlRig/Content/Controls/ControlRig_Wedge_1mm.uexp" 340
"../../../Engine/Plugins/Animation/ControlRig/Content/Controls/ControlRig_Triangle_solid.ubulk" 341
"../../../Engine/Plugins/Animation/ControlRig/Content/Controls/ControlRig_Triangle_solid.uasset" 342
"../../../Engine/Plugins/Animation/ControlRig/Content/Controls/ControlRig_Triangle_solid.uexp" 343
"../../../Engine/Plugins/Animation/ControlRig/Content/Controls/ControlRig_Triangle_3mm.ubulk" 344
"../../../Engine/Plugins/Animation/ControlRig/Content/Controls/ControlRig_Triangle_3mm.uasset" 345
"../../../Engine/Plugins/Animation/ControlRig/Content/Controls/ControlRig_Triangle_3mm.uexp" 346
"../../../Engine/Plugins/Animation/ControlRig/Content/Controls/ControlRig_Triangle_1mm.ubulk" 347
"../../../Engine/Plugins/Animation/ControlRig/Content/Controls/ControlRig_Triangle_1mm.uasset" 348
"../../../Engine/Plugins/Animation/ControlRig/Content/Controls/ControlRig_Triangle_1mm.uexp" 349
"../../../Engine/Plugins/Animation/ControlRig/Content/Controls/ControlRig_Star4_solid.ubulk" 350
"../../../Engine/Plugins/Animation/ControlRig/Content/Controls/ControlRig_Star4_solid.uasset" 351
"../../../Engine/Plugins/Animation/ControlRig/Content/Controls/ControlRig_Star4_solid.uexp" 352
"../../../Engine/Plugins/Animation/ControlRig/Content/Controls/ControlRig_Star4_3mm.ubulk" 353
"../../../Engine/Plugins/Animation/ControlRig/Content/Controls/ControlRig_Star4_3mm.uasset" 354
"../../../Engine/Plugins/Animation/ControlRig/Content/Controls/ControlRig_Star4_3mm.uexp" 355
"../../../Engine/Plugins/Animation/ControlRig/Content/Controls/ControlRig_Star4_1mm.ubulk" 356
"../../../Engine/Plugins/Animation/ControlRig/Content/Controls/ControlRig_Star4_1mm.uasset" 357
"../../../Engine/Plugins/Animation/ControlRig/Content/Controls/ControlRig_Star4_1mm.uexp" 358
"../../../Engine/Plugins/Animation/ControlRig/Content/Controls/ControlRig_Square_solid.ubulk" 359
"../../../Engine/Plugins/Animation/ControlRig/Content/Controls/ControlRig_Square_solid.uasset" 360
"../../../Engine/Plugins/Animation/ControlRig/Content/Controls/ControlRig_Square_solid.uexp" 361
"../../../Engine/Plugins/Animation/ControlRig/Content/Controls/ControlRig_Square_3mm.ubulk" 362
"../../../Engine/Plugins/Animation/ControlRig/Content/Controls/ControlRig_Square_3mm.uasset" 363
"../../../Engine/Plugins/Animation/ControlRig/Content/Controls/ControlRig_Square_3mm.uexp" 364
"../../../Engine/Plugins/Animation/ControlRig/Content/Controls/ControlRig_Square_1mm.ubulk" 365
"../../../Engine/Plugins/Animation/ControlRig/Content/Controls/ControlRig_Square_1mm.uasset" 366
"../../../Engine/Plugins/Animation/ControlRig/Content/Controls/ControlRig_Square_1mm.uexp" 367
"../../../Engine/Plugins/Animation/ControlRig/Content/Controls/ControlRig_Sphere_solid.ubulk" 368
"../../../Engine/Plugins/Animation/ControlRig/Content/Controls/ControlRig_Sphere_solid.uasset" 369
"../../../Engine/Plugins/Animation/ControlRig/Content/Controls/ControlRig_Sphere_solid.uexp" 370
"../../../Engine/Plugins/Animation/ControlRig/Content/Controls/ControlRig_Sphere_3mm.ubulk" 371
"../../../Engine/Plugins/Animation/ControlRig/Content/Controls/ControlRig_Sphere_3mm.uasset" 372
"../../../Engine/Plugins/Animation/ControlRig/Content/Controls/ControlRig_Sphere_3mm.uexp" 373
"../../../Engine/Plugins/Animation/ControlRig/Content/Controls/ControlRig_Sphere_1mm.ubulk" 374
"../../../Engine/Plugins/Animation/ControlRig/Content/Controls/ControlRig_Sphere_1mm.uasset" 375
"../../../Engine/Plugins/Animation/ControlRig/Content/Controls/ControlRig_Sphere_1mm.uexp" 376
"../../../Engine/Plugins/Animation/ControlRig/Content/Controls/ControlRig_RoundedTriangle_solid.ubulk" 377
"../../../Engine/Plugins/Animation/ControlRig/Content/Controls/ControlRig_RoundedTriangle_solid.uasset" 378
"../../../Engine/Plugins/Animation/ControlRig/Content/Controls/ControlRig_RoundedTriangle_solid.uexp" 379
"../../../Engine/Plugins/Animation/ControlRig/Content/Controls/ControlRig_RoundedTriangle_3mm.ubulk" 380
"../../../Engine/Plugins/Animation/ControlRig/Content/Controls/ControlRig_RoundedTriangle_3mm.uasset" 381
"../../../Engine/Plugins/Animation/ControlRig/Content/Controls/ControlRig_RoundedTriangle_3mm.uexp" 382
"../../../Engine/Plugins/Animation/ControlRig/Content/Controls/ControlRig_RoundedTriangle_1mm.ubulk" 383
"../../../Engine/Plugins/Animation/ControlRig/Content/Controls/ControlRig_RoundedTriangle_1mm.uasset" 384
"../../../Engine/Plugins/Animation/ControlRig/Content/Controls/ControlRig_RoundedTriangle_1mm.uexp" 385
"../../../Engine/Plugins/Animation/ControlRig/Content/Controls/ControlRig_RoundedSquare_solid.ubulk" 386
"../../../Engine/Plugins/Animation/ControlRig/Content/Controls/ControlRig_RoundedSquare_solid.uasset" 387
"../../../Engine/Plugins/Animation/ControlRig/Content/Controls/ControlRig_RoundedSquare_solid.uexp" 388
"../../../Engine/Plugins/Animation/ControlRig/Content/Controls/ControlRig_RoundedSquare_3mm.ubulk" 389
"../../../Engine/Plugins/Animation/ControlRig/Content/Controls/ControlRig_RoundedSquare_3mm.uasset" 390
"../../../Engine/Plugins/Animation/ControlRig/Content/Controls/ControlRig_RoundedSquare_3mm.uexp" 391
"../../../Engine/Plugins/Animation/ControlRig/Content/Controls/ControlRig_RoundedSquare_1mm.ubulk" 392
"../../../Engine/Plugins/Animation/ControlRig/Content/Controls/ControlRig_RoundedSquare_1mm.uasset" 393
"../../../Engine/Plugins/Animation/ControlRig/Content/Controls/ControlRig_RoundedSquare_1mm.uexp" 394
"../../../Engine/Plugins/Animation/ControlRig/Content/Controls/ControlRig_QuarterCircle_solid.ubulk" 395
"../../../Engine/Plugins/Animation/ControlRig/Content/Controls/ControlRig_QuarterCircle_solid.uasset" 396
"../../../Engine/Plugins/Animation/ControlRig/Content/Controls/ControlRig_QuarterCircle_solid.uexp" 397
"../../../Engine/Plugins/Animation/ControlRig/Content/Controls/ControlRig_QuarterCircle_3mm.ubulk" 398
"../../../Engine/Plugins/Animation/ControlRig/Content/Controls/ControlRig_QuarterCircle_3mm.uasset" 399
"../../../Engine/Plugins/Animation/ControlRig/Content/Controls/ControlRig_QuarterCircle_3mm.uexp" 400
"../../../Engine/Plugins/Animation/ControlRig/Content/Controls/ControlRig_QuarterCircle_1mm.ubulk" 401
"../../../Engine/Plugins/Animation/ControlRig/Content/Controls/ControlRig_QuarterCircle_1mm.uasset" 402
"../../../Engine/Plugins/Animation/ControlRig/Content/Controls/ControlRig_QuarterCircle_1mm.uexp" 403
"../../../Engine/Plugins/Animation/ControlRig/Content/Controls/ControlRig_Pyramid_solid.ubulk" 404
"../../../Engine/Plugins/Animation/ControlRig/Content/Controls/ControlRig_Pyramid_solid.uasset" 405
"../../../Engine/Plugins/Animation/ControlRig/Content/Controls/ControlRig_Pyramid_solid.uexp" 406
"../../../Engine/Plugins/Animation/ControlRig/Content/Controls/ControlRig_Pyramid_3mm.ubulk" 407
"../../../Engine/Plugins/Animation/ControlRig/Content/Controls/ControlRig_Pyramid_3mm.uasset" 408
"../../../Engine/Plugins/Animation/ControlRig/Content/Controls/ControlRig_Pyramid_3mm.uexp" 409
"../../../Engine/Plugins/Animation/ControlRig/Content/Controls/ControlRig_Pyramid_1mm.ubulk" 410
"../../../Engine/Plugins/Animation/ControlRig/Content/Controls/ControlRig_Pyramid_1mm.uasset" 411
"../../../Engine/Plugins/Animation/ControlRig/Content/Controls/ControlRig_Pyramid_1mm.uexp" 412
"../../../Engine/Plugins/Animation/ControlRig/Content/Controls/ControlRig_Octagon_solid.ubulk" 413
"../../../Engine/Plugins/Animation/ControlRig/Content/Controls/ControlRig_Octagon_solid.uasset" 414
"../../../Engine/Plugins/Animation/ControlRig/Content/Controls/ControlRig_Octagon_solid.uexp" 415
"../../../Engine/Plugins/Animation/ControlRig/Content/Controls/ControlRig_Octagon_3mm.ubulk" 416
"../../../Engine/Plugins/Animation/ControlRig/Content/Controls/ControlRig_Octagon_3mm.uasset" 417
"../../../Engine/Plugins/Animation/ControlRig/Content/Controls/ControlRig_Octagon_3mm.uexp" 418
"../../../Engine/Plugins/Animation/ControlRig/Content/Controls/ControlRig_Octagon_1mm.ubulk" 419
"../../../Engine/Plugins/Animation/ControlRig/Content/Controls/ControlRig_Octagon_1mm.uasset" 420
"../../../Engine/Plugins/Animation/ControlRig/Content/Controls/ControlRig_Octagon_1mm.uexp" 421
"../../../Engine/Plugins/Animation/ControlRig/Content/Controls/ControlRig_Hexagon_solid.ubulk" 422
"../../../Engine/Plugins/Animation/ControlRig/Content/Controls/ControlRig_Hexagon_solid.uasset" 423
"../../../Engine/Plugins/Animation/ControlRig/Content/Controls/ControlRig_Hexagon_solid.uexp" 424
"../../../Engine/Plugins/Animation/ControlRig/Content/Controls/ControlRig_Hexagon_3mm.ubulk" 425
"../../../Engine/Plugins/Animation/ControlRig/Content/Controls/ControlRig_Hexagon_3mm.uasset" 426
"../../../Engine/Plugins/Animation/ControlRig/Content/Controls/ControlRig_Hexagon_3mm.uexp" 427
"../../../Engine/Plugins/Animation/ControlRig/Content/Controls/ControlRig_Hexagon_1mm.ubulk" 428
"../../../Engine/Plugins/Animation/ControlRig/Content/Controls/ControlRig_Hexagon_1mm.uasset" 429
"../../../Engine/Plugins/Animation/ControlRig/Content/Controls/ControlRig_Hexagon_1mm.uexp" 430
"../../../Engine/Plugins/Animation/ControlRig/Content/Controls/ControlRig_HalfCircle_solid.ubulk" 431
"../../../Engine/Plugins/Animation/ControlRig/Content/Controls/ControlRig_HalfCircle_solid.uasset" 432
"../../../Engine/Plugins/Animation/ControlRig/Content/Controls/ControlRig_HalfCircle_solid.uexp" 433
"../../../Engine/Plugins/Animation/ControlRig/Content/Controls/ControlRig_HalfCircle_3mm.ubulk" 434
"../../../Engine/Plugins/Animation/ControlRig/Content/Controls/ControlRig_HalfCircle_3mm.uasset" 435
"../../../Engine/Plugins/Animation/ControlRig/Content/Controls/ControlRig_HalfCircle_3mm.uexp" 436
"../../../Engine/Plugins/Animation/ControlRig/Content/Controls/ControlRig_HalfCircle_1mm.ubulk" 437
"../../../Engine/Plugins/Animation/ControlRig/Content/Controls/ControlRig_HalfCircle_1mm.uasset" 438
"../../../Engine/Plugins/Animation/ControlRig/Content/Controls/ControlRig_HalfCircle_1mm.uexp" 439
"../../../Engine/Plugins/Animation/ControlRig/Content/Controls/ControlRig_Diamond_solid.ubulk" 440
"../../../Engine/Plugins/Animation/ControlRig/Content/Controls/ControlRig_Diamond_solid.uasset" 441
"../../../Engine/Plugins/Animation/ControlRig/Content/Controls/ControlRig_Diamond_solid.uexp" 442
"../../../Engine/Plugins/Animation/ControlRig/Content/Controls/ControlRig_Diamond_3mm.ubulk" 443
"../../../Engine/Plugins/Animation/ControlRig/Content/Controls/ControlRig_Diamond_3mm.uasset" 444
"../../../Engine/Plugins/Animation/ControlRig/Content/Controls/ControlRig_Diamond_3mm.uexp" 445
"../../../Engine/Plugins/Animation/ControlRig/Content/Controls/ControlRig_Diamond_1mm.ubulk" 446
"../../../Engine/Plugins/Animation/ControlRig/Content/Controls/ControlRig_Diamond_1mm.uasset" 447
"../../../Engine/Plugins/Animation/ControlRig/Content/Controls/ControlRig_Diamond_1mm.uexp" 448
"../../../Engine/Plugins/Animation/ControlRig/Content/Controls/ControlRig_Circle_solid.ubulk" 449
"../../../Engine/Plugins/Animation/ControlRig/Content/Controls/ControlRig_Circle_solid.uasset" 450
"../../../Engine/Plugins/Animation/ControlRig/Content/Controls/ControlRig_Circle_solid.uexp" 451
"../../../Engine/Plugins/Animation/ControlRig/Content/Controls/ControlRig_Circle_3mm.ubulk" 452
"../../../Engine/Plugins/Animation/ControlRig/Content/Controls/ControlRig_Circle_3mm.uasset" 453
"../../../Engine/Plugins/Animation/ControlRig/Content/Controls/ControlRig_Circle_3mm.uexp" 454
"../../../Engine/Plugins/Animation/ControlRig/Content/Controls/ControlRig_Circle_1mm.ubulk" 455
"../../../Engine/Plugins/Animation/ControlRig/Content/Controls/ControlRig_Circle_1mm.uasset" 456
"../../../Engine/Plugins/Animation/ControlRig/Content/Controls/ControlRig_Circle_1mm.uexp" 457
"../../../Engine/Plugins/Animation/ControlRig/Content/Controls/ControlRig_Box_solid.ubulk" 458
"../../../Engine/Plugins/Animation/ControlRig/Content/Controls/ControlRig_Box_solid.uasset" 459
"../../../Engine/Plugins/Animation/ControlRig/Content/Controls/ControlRig_Box_solid.uexp" 460
"../../../Engine/Plugins/Animation/ControlRig/Content/Controls/ControlRig_Box_3mm.ubulk" 461
"../../../Engine/Plugins/Animation/ControlRig/Content/Controls/ControlRig_Box_3mm.uasset" 462
"../../../Engine/Plugins/Animation/ControlRig/Content/Controls/ControlRig_Box_3mm.uexp" 463
"../../../Engine/Plugins/Animation/ControlRig/Content/Controls/ControlRig_Box_1mm.ubulk" 464
"../../../Engine/Plugins/Animation/ControlRig/Content/Controls/ControlRig_Box_1mm.uasset" 465
"../../../Engine/Plugins/Animation/ControlRig/Content/Controls/ControlRig_Box_1mm.uexp" 466
"../../../Engine/Plugins/Animation/ControlRig/Content/Controls/ControlRig_Arrow_solid.ubulk" 467
"../../../Engine/Plugins/Animation/ControlRig/Content/Controls/ControlRig_Arrow_solid.uasset" 468
"../../../Engine/Plugins/Animation/ControlRig/Content/Controls/ControlRig_Arrow_solid.uexp" 469
"../../../Engine/Plugins/Animation/ControlRig/Content/Controls/ControlRig_Arrow_3mm.ubulk" 470
"../../../Engine/Plugins/Animation/ControlRig/Content/Controls/ControlRig_Arrow_3mm.uasset" 471
"../../../Engine/Plugins/Animation/ControlRig/Content/Controls/ControlRig_Arrow_3mm.uexp" 472
"../../../Engine/Plugins/Animation/ControlRig/Content/Controls/ControlRig_Arrow_1mm.ubulk" 473
"../../../Engine/Plugins/Animation/ControlRig/Content/Controls/ControlRig_Arrow_1mm.uasset" 474
"../../../Engine/Plugins/Animation/ControlRig/Content/Controls/ControlRig_Arrow_1mm.uexp" 475
"../../../Engine/Plugins/Animation/ControlRig/Content/Controls/ControlRig_Arrow4_solid.ubulk" 476
"../../../Engine/Plugins/Animation/ControlRig/Content/Controls/ControlRig_Arrow4_solid.uasset" 477
"../../../Engine/Plugins/Animation/ControlRig/Content/Controls/ControlRig_Arrow4_solid.uexp" 478
"../../../Engine/Plugins/Animation/ControlRig/Content/Controls/ControlRig_Arrow4_3mm.ubulk" 479
"../../../Engine/Plugins/Animation/ControlRig/Content/Controls/ControlRig_Arrow4_3mm.uasset" 480
"../../../Engine/Plugins/Animation/ControlRig/Content/Controls/ControlRig_Arrow4_3mm.uexp" 481
"../../../Engine/Plugins/Animation/ControlRig/Content/Controls/ControlRig_Arrow4_1mm.ubulk" 482
"../../../Engine/Plugins/Animation/ControlRig/Content/Controls/ControlRig_Arrow4_1mm.uasset" 483
"../../../Engine/Plugins/Animation/ControlRig/Content/Controls/ControlRig_Arrow4_1mm.uexp" 484
"../../../Engine/Plugins/Animation/ControlRig/Content/Controls/ControlRig_Arrow2_solid.ubulk" 485
"../../../Engine/Plugins/Animation/ControlRig/Content/Controls/ControlRig_Arrow2_solid.uasset" 486
"../../../Engine/Plugins/Animation/ControlRig/Content/Controls/ControlRig_Arrow2_solid.uexp" 487
"../../../Engine/Plugins/Animation/ControlRig/Content/Controls/ControlRig_Arrow2_3mm.ubulk" 488
"../../../Engine/Plugins/Animation/ControlRig/Content/Controls/ControlRig_Arrow2_3mm.uasset" 489
"../../../Engine/Plugins/Animation/ControlRig/Content/Controls/ControlRig_Arrow2_3mm.uexp" 490
"../../../Engine/Plugins/Animation/ControlRig/Content/Controls/ControlRig_Arrow2_1mm.ubulk" 491
"../../../Engine/Plugins/Animation/ControlRig/Content/Controls/ControlRig_Arrow2_1mm.uasset" 492
"../../../Engine/Plugins/Animation/ControlRig/Content/Controls/ControlRig_Arrow2_1mm.uexp" 493
"../../../Engine/Plugins/Animation/ControlRig/Content/Controls/ControlRigXRayMaterial.uasset" 494
"../../../Engine/Plugins/Animation/ControlRig/Content/Controls/ControlRigXRayMaterial.uexp" 495
"../../../Engine/Plugins/Animation/ControlRig/Content/Controls/ControlRigGizmoMaterial.uasset" 496
"../../../Engine/Plugins/Animation/ControlRig/Content/Controls/ControlRigGizmoMaterial.uexp" 497
"../../../Engine/Content/EngineResources/WhiteSquareTexture.uasset" 498
"../../../Engine/Content/EngineResources/WhiteSquareTexture.uexp" 499
"../../../Engine/Content/EngineMaterials/Widget3DPassThrough.uasset" 500
"../../../Engine/Content/EngineMaterials/Widget3DPassThrough.uexp" 501
"../../../Engine/Content/EngineMaterials/Widget3DPassThrough_Translucent.uasset" 502
"../../../Engine/Content/EngineMaterials/Widget3DPassThrough_Translucent.uexp" 503
"../../../Engine/Content/EngineMaterials/Widget3DPassThrough_Translucent_OneSided.uasset" 504
"../../../Engine/Content/EngineMaterials/Widget3DPassThrough_Translucent_OneSided.uexp" 505
"../../../Engine/Content/EngineMaterials/Widget3DPassThrough_Opaque.uasset" 506
"../../../Engine/Content/EngineMaterials/Widget3DPassThrough_Opaque.uexp" 507
"../../../Engine/Content/EngineMaterials/Widget3DPassThrough_Opaque_OneSided.uasset" 508
"../../../Engine/Content/EngineMaterials/Widget3DPassThrough_Opaque_OneSided.uexp" 509
"../../../Engine/Content/EngineMaterials/Widget3DPassThrough_Masked_OneSided.uasset" 510
"../../../Engine/Content/EngineMaterials/Widget3DPassThrough_Masked_OneSided.uexp" 511
"../../../Engine/Content/EngineMaterials/Widget3DPassThrough_Masked.uasset" 512
"../../../Engine/Content/EngineMaterials/Widget3DPassThrough_Masked.uexp" 513
"../../../Engine/Content/EngineMaterials/WeightMapPlaceholderTexture.uasset" 514
"../../../Engine/Content/EngineMaterials/WeightMapPlaceholderTexture.uexp" 515
"../../../Engine/Content/EngineMaterials/WeightMapArrayPlaceholderTexture.uasset" 516
"../../../Engine/Content/EngineMaterials/WeightMapArrayPlaceholderTexture.uexp" 517
"../../../Engine/Content/EngineMaterials/RemoveSurfaceMaterial.uasset" 518
"../../../Engine/Content/EngineMaterials/RemoveSurfaceMaterial.uexp" 519
"../../../Engine/Content/EngineMaterials/DefaultCalibrationGrayscale.uasset" 520
"../../../Engine/Content/EngineMaterials/DefaultCalibrationGrayscale.uexp" 521
"../../../Engine/Content/EngineMaterials/PPM_DefaultCalibrationGrayscale.uasset" 522
"../../../Engine/Content/EngineMaterials/PPM_DefaultCalibrationGrayscale.uexp" 523
"../../../Engine/Content/EngineMaterials/DefaultCalibrationColor.uasset" 524
"../../../Engine/Content/EngineMaterials/DefaultCalibrationColor.uexp" 525
"../../../Engine/Content/EngineMaterials/PPM_DefaultCalibrationColor.uasset" 526
"../../../Engine/Content/EngineMaterials/PPM_DefaultCalibrationColor.uexp" 527
"../../../Engine/Content/EngineMaterials/PhAT_JointLimitMaterial.uasset" 528
"../../../Engine/Content/EngineMaterials/PhAT_JointLimitMaterial.uexp" 529
"../../../Engine/Content/EngineMaterials/NaniteHiddenSectionMaterial.uasset" 530
"../../../Engine/Content/EngineMaterials/NaniteHiddenSectionMaterial.uexp" 531
"../../../Engine/Content/EngineMaterials/InvalidLightmapSettings.ubulk" 532
"../../../Engine/Content/EngineMaterials/InvalidLightmapSettings.uasset" 533
"../../../Engine/Content/EngineMaterials/InvalidLightmapSettings.uexp" 534
"../../../Engine/Content/EngineMaterials/M_InvalidLightmapSettings.uasset" 535
"../../../Engine/Content/EngineMaterials/M_InvalidLightmapSettings.uexp" 536
"../../../Engine/Content/EngineMaterials/GizmoMaterial.uasset" 537
"../../../Engine/Content/EngineMaterials/GizmoMaterial.uexp" 538
"../../../Engine/Content/EngineMaterials/BaseFlattenEmissiveMap_VT.uasset" 539
"../../../Engine/Content/EngineMaterials/BaseFlattenEmissiveMap_VT.uexp" 540
"../../../Engine/Content/EngineMaterials/BaseFlattenGrayscaleMap_VT.uasset" 541
"../../../Engine/Content/EngineMaterials/BaseFlattenGrayscaleMap_VT.uexp" 542
"../../../Engine/Content/EngineMaterials/BaseFlattenLinearColor_VT.uasset" 543
"../../../Engine/Content/EngineMaterials/BaseFlattenLinearColor_VT.uexp" 544
"../../../Engine/Content/EngineMaterials/Black_1x1_EXR_Texture_VT.uasset" 545
"../../../Engine/Content/EngineMaterials/Black_1x1_EXR_Texture_VT.uexp" 546
"../../../Engine/Content/EngineMaterials/BaseFlattenDiffuseMap_VT.uasset" 547
"../../../Engine/Content/EngineMaterials/BaseFlattenDiffuseMap_VT.uexp" 548
"../../../Engine/Content/EngineMaterials/BaseFlattenNormalMap_VT.uasset" 549
"../../../Engine/Content/EngineMaterials/BaseFlattenNormalMap_VT.uexp" 550
"../../../Engine/Content/EngineMaterials/FlattenMaterial_WS_Normal_VT.uasset" 551
"../../../Engine/Content/EngineMaterials/FlattenMaterial_WS_Normal_VT.uexp" 552
"../../../Engine/Content/EngineMaterials/FlattenMaterial_VT.uasset" 553
"../../../Engine/Content/EngineMaterials/FlattenMaterial_VT.uexp" 554
"../../../Engine/Content/EngineMaterials/BaseFlattenNormalMap.uasset" 555
"../../../Engine/Content/EngineMaterials/BaseFlattenNormalMap.uexp" 556
"../../../Engine/Content/EngineMaterials/BaseFlattenGrayscaleMap.uasset" 557
"../../../Engine/Content/EngineMaterials/BaseFlattenGrayscaleMap.uexp" 558
"../../../Engine/Content/EngineMaterials/BaseFlattenDiffuseMap.uasset" 559
"../../../Engine/Content/EngineMaterials/BaseFlattenDiffuseMap.uexp" 560
"../../../Engine/Content/Functions/Engine_MaterialFunctions02/PivotPainter2/Black_1x1_EXR_Texture.uasset" 561
"../../../Engine/Content/Functions/Engine_MaterialFunctions02/PivotPainter2/Black_1x1_EXR_Texture.uexp" 562
"../../../Engine/Content/EngineMaterials/BaseFlattenEmissiveMap.uasset" 563
"../../../Engine/Content/EngineMaterials/BaseFlattenEmissiveMap.uexp" 564
"../../../Engine/Content/EngineMaterials/BaseFlattenLinearColor.uasset" 565
"../../../Engine/Content/EngineMaterials/BaseFlattenLinearColor.uexp" 566
"../../../Engine/Content/EngineMaterials/FlattenMaterial.uasset" 567
"../../../Engine/Content/EngineMaterials/FlattenMaterial.uexp" 568
"../../../Engine/Content/EngineMaterials/DefaultWhiteGrid_Low.uasset" 569
"../../../Engine/Content/EngineMaterials/DefaultWhiteGrid_Low.uexp" 570
"../../../Engine/Content/EngineMaterials/EmissiveMeshMaterial.uasset" 571
"../../../Engine/Content/EngineMaterials/EmissiveMeshMaterial.uexp" 572
"../../../Engine/Content/EngineFonts/RobotoDistanceField.uasset" 573
"../../../Engine/Content/EngineFonts/RobotoDistanceField.uexp" 574
"../../../Engine/Content/EngineMaterials/DefaultTextMaterialOpaque.uasset" 575
"../../../Engine/Content/EngineMaterials/DefaultTextMaterialOpaque.uexp" 576
"../../../Engine/Content/EngineMaterials/DefaultDiffuse.ubulk" 577
"../../../Engine/Content/EngineMaterials/DefaultDiffuse.uasset" 578
"../../../Engine/Content/EngineMaterials/DefaultDiffuse.uexp" 579
"../../../Engine/Content/EngineMaterials/DefaultPostProcessMaterial.uasset" 580
"../../../Engine/Content/EngineMaterials/DefaultPostProcessMaterial.uexp" 581
"../../../Engine/Content/EngineMaterials/DefaultLightFunctionMaterial.uasset" 582
"../../../Engine/Content/EngineMaterials/DefaultLightFunctionMaterial.uexp" 583
"../../../Engine/Content/EngineMaterials/DefaultDeferredDecalMaterial.uasset" 584
"../../../Engine/Content/EngineMaterials/DefaultDeferredDecalMaterial.uexp" 585
"../../../Engine/Content/Functions/Engine_MaterialFunctions02/Utility/CameraDirectionVector.uasset" 586
"../../../Engine/Content/Functions/Engine_MaterialFunctions02/Utility/CameraDirectionVector.uexp" 587
"../../../Engine/Content/EngineDebugMaterials/VolumeToRender.uasset" 588
"../../../Engine/Content/EngineDebugMaterials/VolumeToRender.uexp" 589
"../../../Engine/Content/EngineDebugMaterials/M_VolumeRenderSphereTracePP.uasset" 590
"../../../Engine/Content/EngineDebugMaterials/M_VolumeRenderSphereTracePP.uexp" 591
"../../../Engine/Content/EngineDebugMaterials/M_SimpleUnlitTranslucent.uasset" 592
"../../../Engine/Content/EngineDebugMaterials/M_SimpleUnlitTranslucent.uexp" 593
"../../../Engine/Content/EngineDebugMaterials/DebugMeshMaterial.uasset" 594
"../../../Engine/Content/EngineDebugMaterials/DebugMeshMaterial.uexp" 595
"../../../Engine/Content/EngineDebugMaterials/DebugEditorMaterial.uasset" 596
"../../../Engine/Content/EngineDebugMaterials/DebugEditorMaterial.uexp" 597
"../../../Engine/Content/EditorMaterials/PreviewShadowIndicator.ubulk" 598
"../../../Engine/Content/EditorMaterials/PreviewShadowIndicator.uasset" 599
"../../../Engine/Content/EditorMaterials/PreviewShadowIndicator.uexp" 600
"../../../Engine/Content/EditorMaterials/PreviewShadowIndicatorMaterial.uasset" 601
"../../../Engine/Content/EditorMaterials/PreviewShadowIndicatorMaterial.uexp" 602
"../../../Engine/Content/EditorMaterials/PhAT_UnselectedMaterial.uasset" 603
"../../../Engine/Content/EditorMaterials/PhAT_UnselectedMaterial.uexp" 604
"../../../Engine/Content/EditorMaterials/PhAT_NoCollisionMaterial.uasset" 605
"../../../Engine/Content/EditorMaterials/PhAT_NoCollisionMaterial.uexp" 606
"../../../Engine/Content/EditorLandscapeResources/SplineEditorMeshMat.uasset" 607
"../../../Engine/Content/EditorLandscapeResources/SplineEditorMeshMat.uexp" 608
"../../../Engine/Content/EditorLandscapeResources/SplineEditorMesh.ubulk" 609
"../../../Engine/Content/EditorLandscapeResources/SplineEditorMesh.uasset" 610
"../../../Engine/Content/EditorLandscapeResources/SplineEditorMesh.uexp" 611
"../../../Engine/Content/EngineMaterials/DefaultMaterial.uasset" 612
"../../../Engine/Content/EngineMaterials/DefaultMaterial.uexp" 613
"../../../Engine/Content/BasicShapes/Cylinder.ubulk" 614
"../../../Engine/Content/BasicShapes/Cylinder.uasset" 615
"../../../Engine/Content/BasicShapes/Cylinder.uexp" 616
"../../../Engine/Content/BasicShapes/Cone.ubulk" 617
"../../../Engine/Content/BasicShapes/Cone.uasset" 618
"../../../Engine/Content/BasicShapes/Cone.uexp" 619
"../../../Engine/Content/BasicShapes/BasicShapeMaterial.uasset" 620
"../../../Engine/Content/BasicShapes/BasicShapeMaterial.uexp" 621
"../../../Engine/Content/EngineSky/VolumetricClouds/T_CloudMask.ubulk" 622
"../../../Engine/Content/EngineSky/VolumetricClouds/T_CloudMask.uasset" 623
"../../../Engine/Content/EngineSky/VolumetricClouds/T_CloudMask.uexp" 624
"../../../Engine/Content/EngineSky/VolumetricClouds/VT_Lightning.uasset" 625
"../../../Engine/Content/EngineSky/VolumetricClouds/VT_Lightning.uexp" 626
"../../../Engine/Content/EngineSky/VolumetricClouds/T_Profile_08.ubulk" 627
"../../../Engine/Content/EngineSky/VolumetricClouds/T_Profile_08.uasset" 628
"../../../Engine/Content/EngineSky/VolumetricClouds/T_Profile_08.uexp" 629
"../../../Engine/Content/Functions/Engine_MaterialFunctions02/Utility/MakeFloat4.uasset" 630
"../../../Engine/Content/Functions/Engine_MaterialFunctions02/Utility/MakeFloat4.uexp" 631
"../../../Engine/Content/Functions/Engine_MaterialFunctions01/Units/Km-to-Cm.uasset" 632
"../../../Engine/Content/Functions/Engine_MaterialFunctions01/Units/Km-to-Cm.uexp" 633
"../../../Engine/Content/Functions/Engine_MaterialFunctions02/Utility/BreakOutFloat4Components.uasset" 634
"../../../Engine/Content/Functions/Engine_MaterialFunctions02/Utility/BreakOutFloat4Components.uexp" 635
"../../../Engine/Content/EngineSky/VolumetricClouds/T_CloudPattern.ubulk" 636
"../../../Engine/Content/EngineSky/VolumetricClouds/T_CloudPattern.uasset" 637
"../../../Engine/Content/EngineSky/VolumetricClouds/T_CloudPattern.uexp" 638
"../../../Engine/Content/EngineSky/VolumetricClouds/VT_PerlinWorley_Balanced.uasset" 639
"../../../Engine/Content/EngineSky/VolumetricClouds/VT_PerlinWorley_Balanced.uexp" 640
"../../../Engine/Content/EngineSky/VolumetricClouds/m_SimpleVolumetricCloud.uasset" 641
"../../../Engine/Content/EngineSky/VolumetricClouds/m_SimpleVolumetricCloud.uexp" 642
"../../../Engine/Content/EngineSky/VolumetricClouds/m_SimpleVolumetricCloud_Inst.uasset" 643
"../../../Engine/Content/EngineSky/VolumetricClouds/m_SimpleVolumetricCloud_Inst.uexp" 644
"../../../Engine/Content/EditorMaterials/Camera/CineMat.uasset" 645
"../../../Engine/Content/EditorMaterials/Camera/CineMat.uexp" 646
"../../../Engine/Content/EditorMaterials/Camera/MI_CineMat_Rig.uasset" 647
"../../../Engine/Content/EditorMaterials/Camera/MI_CineMat_Rig.uexp" 648
"../../../Engine/Content/EditorMeshes/Camera/SM_RailRig_Track.ubulk" 649
"../../../Engine/Content/EditorMeshes/Camera/SM_RailRig_Track.uasset" 650
"../../../Engine/Content/EditorMeshes/Camera/SM_RailRig_Track.uexp" 651
"../../../Engine/Content/EditorMeshes/Camera/SM_RailRig_Mount.ubulk" 652
"../../../Engine/Content/EditorMeshes/Camera/SM_RailRig_Mount.uasset" 653
"../../../Engine/Content/EditorMeshes/Camera/SM_RailRig_Mount.uexp" 654
"../../../Engine/Content/EditorMeshes/Camera/SM_CraneRig_Mount.ubulk" 655
"../../../Engine/Content/EditorMeshes/Camera/SM_CraneRig_Mount.uasset" 656
"../../../Engine/Content/EditorMeshes/Camera/SM_CraneRig_Mount.uexp" 657
"../../../Engine/Content/EditorMeshes/Camera/SM_CraneRig_Body.ubulk" 658
"../../../Engine/Content/EditorMeshes/Camera/SM_CraneRig_Body.uasset" 659
"../../../Engine/Content/EditorMeshes/Camera/SM_CraneRig_Body.uexp" 660
"../../../Engine/Content/EditorMeshes/Camera/SM_CraneRig_Base.ubulk" 661
"../../../Engine/Content/EditorMeshes/Camera/SM_CraneRig_Base.uasset" 662
"../../../Engine/Content/EditorMeshes/Camera/SM_CraneRig_Base.uexp" 663
"../../../Engine/Content/EditorMeshes/Camera/SM_CraneRig_Arm.ubulk" 664
"../../../Engine/Content/EditorMeshes/Camera/SM_CraneRig_Arm.uasset" 665
"../../../Engine/Content/EditorMeshes/Camera/SM_CraneRig_Arm.uexp" 666
"../../../Engine/Content/EditorMaterials/Dataflow/DataflowVertexMaterial.uasset" 667
"../../../Engine/Content/EditorMaterials/Dataflow/DataflowVertexMaterial.uexp" 668
"../../../Engine/Content/EditorMaterials/Dataflow/DataflowTwoSidedVertexMaterial.uasset" 669
"../../../Engine/Content/EditorMaterials/Dataflow/DataflowTwoSidedVertexMaterial.uexp" 670
"../../../Engine/Plugins/Interchange/Assets/Content/gltf/Textures/T_White_srgb.uasset" 671
"../../../Engine/Plugins/Interchange/Assets/Content/gltf/Textures/T_White_srgb.uexp" 672
"../../../Engine/Plugins/Interchange/Assets/Content/gltf/MaterialFunctions/MF_BaseColor.uasset" 673
"../../../Engine/Plugins/Interchange/Assets/Content/gltf/MaterialFunctions/MF_BaseColor.uexp" 674
"../../../Engine/Plugins/Interchange/Assets/Content/gltf/MaterialFunctions/MF_RotateV2.uasset" 675
"../../../Engine/Plugins/Interchange/Assets/Content/gltf/MaterialFunctions/MF_RotateV2.uexp" 676
"../../../Engine/Plugins/Interchange/Assets/Content/gltf/MaterialFunctions/MF_TransformUVs.uasset" 677
"../../../Engine/Plugins/Interchange/Assets/Content/gltf/MaterialFunctions/MF_TransformUVs.uexp" 678
"../../../Engine/Plugins/Interchange/Assets/Content/gltf/MaterialBodies/MF_Unlit_Body.uasset" 679
"../../../Engine/Plugins/Interchange/Assets/Content/gltf/MaterialBodies/MF_Unlit_Body.uexp" 680
"../../../Engine/Plugins/Interchange/Assets/Content/gltf/M_Unlit.uasset" 681
"../../../Engine/Plugins/Interchange/Assets/Content/gltf/M_Unlit.uexp" 682
"../../../Engine/Plugins/Interchange/Assets/Content/gltf/MaterialInstances/MI_Unlit_Opaque_DS.uasset" 683
"../../../Engine/Plugins/Interchange/Assets/Content/gltf/MaterialInstances/MI_Unlit_Opaque_DS.uexp" 684
"../../../Engine/Plugins/Interchange/Assets/Content/gltf/MaterialInstances/MI_Unlit_Opaque.uasset" 685
"../../../Engine/Plugins/Interchange/Assets/Content/gltf/MaterialInstances/MI_Unlit_Opaque.uexp" 686
"../../../Engine/Plugins/Interchange/Assets/Content/gltf/MaterialInstances/MI_Unlit_Mask_DS.uasset" 687
"../../../Engine/Plugins/Interchange/Assets/Content/gltf/MaterialInstances/MI_Unlit_Mask_DS.uexp" 688
"../../../Engine/Plugins/Interchange/Assets/Content/gltf/MaterialInstances/MI_Unlit_Mask.uasset" 689
"../../../Engine/Plugins/Interchange/Assets/Content/gltf/MaterialInstances/MI_Unlit_Mask.uexp" 690
"../../../Engine/Plugins/Interchange/Assets/Content/gltf/MaterialInstances/MI_Unlit_Blend_DS.uasset" 691
"../../../Engine/Plugins/Interchange/Assets/Content/gltf/MaterialInstances/MI_Unlit_Blend_DS.uexp" 692
"../../../Engine/Plugins/Interchange/Assets/Content/gltf/MaterialInstances/MI_Unlit_Blend.uasset" 693
"../../../Engine/Plugins/Interchange/Assets/Content/gltf/MaterialInstances/MI_Unlit_Blend.uexp" 694
"../../../Engine/Content/Functions/Engine_MaterialFunctions02/Math/Transform3x3Matrix.uasset" 695
"../../../Engine/Content/Functions/Engine_MaterialFunctions02/Math/Transform3x3Matrix.uexp" 696
"../../../Engine/Content/EngineMaterials/Good64x64TilingNoiseHighFreq.uasset" 697
"../../../Engine/Content/EngineMaterials/Good64x64TilingNoiseHighFreq.uexp" 698
"../../../Engine/Content/Functions/Engine_MaterialFunctions02/Texturing/ScreenAlignedPixelToPixelUVs.uasset" 699
"../../../Engine/Content/Functions/Engine_MaterialFunctions02/Texturing/ScreenAlignedPixelToPixelUVs.uexp" 700
"../../../Engine/Plugins/Interchange/Assets/Content/gltf/MaterialFunctions/MF_Temporal_Blur.uasset" 701
"../../../Engine/Plugins/Interchange/Assets/Content/gltf/MaterialFunctions/MF_Temporal_Blur.uexp" 702
"../../../Engine/Plugins/Interchange/Assets/Content/gltf/MaterialFunctions/MF_Specular.uasset" 703
"../../../Engine/Plugins/Interchange/Assets/Content/gltf/MaterialFunctions/MF_Specular.uexp" 704
"../../../Engine/Plugins/Interchange/Assets/Content/gltf/Textures/T_Anisotropy_Direction_Linear.uasset" 705
"../../../Engine/Plugins/Interchange/Assets/Content/gltf/Textures/T_Anisotropy_Direction_Linear.uexp" 706
"../../../Engine/Plugins/Interchange/Assets/Content/gltf/MaterialFunctions/MF_SpecularAnisotropy.uasset" 707
"../../../Engine/Plugins/Interchange/Assets/Content/gltf/MaterialFunctions/MF_SpecularAnisotropy.uexp" 708
"../../../Engine/Plugins/Interchange/Assets/Content/gltf/Textures/T_White_Linear.uasset" 709
"../../../Engine/Plugins/Interchange/Assets/Content/gltf/Textures/T_White_Linear.uexp" 710
"../../../Engine/Plugins/Interchange/Assets/Content/gltf/MaterialFunctions/MF_MetallicRoughness.uasset" 711
"../../../Engine/Plugins/Interchange/Assets/Content/gltf/MaterialFunctions/MF_MetallicRoughness.uexp" 712
"../../../Engine/Plugins/Interchange/Assets/Content/gltf/Textures/T_Generic_N.uasset" 713
"../../../Engine/Plugins/Interchange/Assets/Content/gltf/Textures/T_Generic_N.uexp" 714
"../../../Engine/Plugins/Interchange/Assets/Content/gltf/MaterialFunctions/MF_ScaleNormal.uasset" 715
"../../../Engine/Plugins/Interchange/Assets/Content/gltf/MaterialFunctions/MF_ScaleNormal.uexp" 716
"../../../Engine/Plugins/Interchange/Assets/Content/gltf/MaterialFunctions/MF_Fresnel_DS.uasset" 717
"../../../Engine/Plugins/Interchange/Assets/Content/gltf/MaterialFunctions/MF_Fresnel_DS.uexp" 718
"../../../Engine/Plugins/Interchange/Assets/Content/gltf/MaterialFunctions/MF_Iridescence.uasset" 719
"../../../Engine/Plugins/Interchange/Assets/Content/gltf/MaterialFunctions/MF_Iridescence.uexp" 720
"../../../Engine/Plugins/Interchange/Assets/Content/gltf/MaterialFunctions/MF_Occlusion.uasset" 721
"../../../Engine/Plugins/Interchange/Assets/Content/gltf/MaterialFunctions/MF_Occlusion.uexp" 722
"../../../Engine/Plugins/Interchange/Assets/Content/gltf/MaterialFunctions/MF_IOR.uasset" 723
"../../../Engine/Plugins/Interchange/Assets/Content/gltf/MaterialFunctions/MF_IOR.uexp" 724
"../../../Engine/Plugins/Interchange/Assets/Content/gltf/MaterialFunctions/MF_Transmission.uasset" 725
"../../../Engine/Plugins/Interchange/Assets/Content/gltf/MaterialFunctions/MF_Transmission.uexp" 726
"../../../Engine/Plugins/Interchange/Assets/Content/gltf/MaterialFunctions/MF_RotateNormals_TS.uasset" 727
"../../../Engine/Plugins/Interchange/Assets/Content/gltf/MaterialFunctions/MF_RotateNormals_TS.uexp" 728
"../../../Engine/Plugins/Interchange/Assets/Content/gltf/MaterialFunctions/MF_Normals.uasset" 729
"../../../Engine/Plugins/Interchange/Assets/Content/gltf/MaterialFunctions/MF_Normals.uexp" 730
"../../../Engine/Plugins/Interchange/Assets/Content/gltf/MaterialBodies/MF_Transmission_Body.uasset" 731
"../../../Engine/Plugins/Interchange/Assets/Content/gltf/MaterialBodies/MF_Transmission_Body.uexp" 732
"../../../Engine/Plugins/Interchange/Assets/Content/gltf/M_Transmission.uasset" 733
"../../../Engine/Plugins/Interchange/Assets/Content/gltf/M_Transmission.uexp" 734
"../../../Engine/Plugins/Interchange/Assets/Content/gltf/MaterialInstances/MI_Transmission_DS.uasset" 735
"../../../Engine/Plugins/Interchange/Assets/Content/gltf/MaterialInstances/MI_Transmission_DS.uexp" 736
"../../../Engine/Plugins/Interchange/Assets/Content/gltf/MaterialInstances/MI_Transmission.uasset" 737
"../../../Engine/Plugins/Interchange/Assets/Content/gltf/MaterialInstances/MI_Transmission.uexp" 738
"../../../Engine/Content/Functions/Engine_MaterialFunctions02/Math/AddComponents.uasset" 739
"../../../Engine/Content/Functions/Engine_MaterialFunctions02/Math/AddComponents.uexp" 740
"../../../Engine/Plugins/Interchange/Assets/Content/gltf/MaterialFunctions/MF_DiffuseSpecGloss.uasset" 741
"../../../Engine/Plugins/Interchange/Assets/Content/gltf/MaterialFunctions/MF_DiffuseSpecGloss.uexp" 742
"../../../Engine/Plugins/Interchange/Assets/Content/gltf/MaterialFunctions/MF_Emissive.uasset" 743
"../../../Engine/Plugins/Interchange/Assets/Content/gltf/MaterialFunctions/MF_Emissive.uexp" 744
"../../../Engine/Plugins/Interchange/Assets/Content/gltf/MaterialFunctions/MF_PerceivedBrightness.uasset" 745
"../../../Engine/Plugins/Interchange/Assets/Content/gltf/MaterialFunctions/MF_PerceivedBrightness.uexp" 746
"../../../Engine/Plugins/Interchange/Assets/Content/gltf/MaterialFunctions/MF_SpecGlossToMetalRoughness.uasset" 747
"../../../Engine/Plugins/Interchange/Assets/Content/gltf/MaterialFunctions/MF_SpecGlossToMetalRoughness.uexp" 748
"../../../Engine/Plugins/Interchange/Assets/Content/gltf/MaterialFunctions/MF_MaxComponentValue.uasset" 749
"../../../Engine/Plugins/Interchange/Assets/Content/gltf/MaterialFunctions/MF_MaxComponentValue.uexp" 750
"../../../Engine/Plugins/Interchange/Assets/Content/gltf/MaterialBodies/MF_SpecularGlossiness_Body.uasset" 751
"../../../Engine/Plugins/Interchange/Assets/Content/gltf/MaterialBodies/MF_SpecularGlossiness_Body.uexp" 752
"../../../Engine/Plugins/Interchange/Assets/Content/gltf/M_SpecularGlossiness.uasset" 753
"../../../Engine/Plugins/Interchange/Assets/Content/gltf/M_SpecularGlossiness.uexp" 754
"../../../Engine/Plugins/Interchange/Assets/Content/gltf/MaterialInstances/MI_SpecularGlossiness_Opaque_DS.uasset" 755
"../../../Engine/Plugins/Interchange/Assets/Content/gltf/MaterialInstances/MI_SpecularGlossiness_Opaque_DS.uexp" 756
"../../../Engine/Plugins/Interchange/Assets/Content/gltf/MaterialInstances/MI_SpecularGlossiness_Opaque.uasset" 757
"../../../Engine/Plugins/Interchange/Assets/Content/gltf/MaterialInstances/MI_SpecularGlossiness_Opaque.uexp" 758
"../../../Engine/Plugins/Interchange/Assets/Content/gltf/MaterialInstances/MI_SpecularGlossiness_Mask_DS.uasset" 759
"../../../Engine/Plugins/Interchange/Assets/Content/gltf/MaterialInstances/MI_SpecularGlossiness_Mask_DS.uexp" 760
"../../../Engine/Plugins/Interchange/Assets/Content/gltf/MaterialInstances/MI_SpecularGlossiness_Mask.uasset" 761
"../../../Engine/Plugins/Interchange/Assets/Content/gltf/MaterialInstances/MI_SpecularGlossiness_Mask.uexp" 762
"../../../Engine/Plugins/Interchange/Assets/Content/gltf/MaterialInstances/MI_SpecularGlossiness_Blend_DS.uasset" 763
"../../../Engine/Plugins/Interchange/Assets/Content/gltf/MaterialInstances/MI_SpecularGlossiness_Blend_DS.uexp" 764
"../../../Engine/Plugins/Interchange/Assets/Content/gltf/MaterialInstances/MI_SpecularGlossiness_Blend.uasset" 765
"../../../Engine/Plugins/Interchange/Assets/Content/gltf/MaterialInstances/MI_SpecularGlossiness_Blend.uexp" 766
"../../../Engine/Plugins/Interchange/Assets/Content/gltf/MaterialFunctions/MF_Sheen.uasset" 767
"../../../Engine/Plugins/Interchange/Assets/Content/gltf/MaterialFunctions/MF_Sheen.uexp" 768
"../../../Engine/Plugins/Interchange/Assets/Content/gltf/MaterialBodies/MF_Sheen_Body.uasset" 769
"../../../Engine/Plugins/Interchange/Assets/Content/gltf/MaterialBodies/MF_Sheen_Body.uexp" 770
"../../../Engine/Plugins/Interchange/Assets/Content/gltf/M_Sheen.uasset" 771
"../../../Engine/Plugins/Interchange/Assets/Content/gltf/M_Sheen.uexp" 772
"../../../Engine/Plugins/Interchange/Assets/Content/gltf/MaterialInstances/MI_Sheen_Opaque_DS.uasset" 773
"../../../Engine/Plugins/Interchange/Assets/Content/gltf/MaterialInstances/MI_Sheen_Opaque_DS.uexp" 774
"../../../Engine/Plugins/Interchange/Assets/Content/gltf/MaterialInstances/MI_Sheen_Opaque.uasset" 775
"../../../Engine/Plugins/Interchange/Assets/Content/gltf/MaterialInstances/MI_Sheen_Opaque.uexp" 776
"../../../Engine/Plugins/Interchange/Assets/Content/gltf/MaterialInstances/MI_Sheen_Mask_DS.uasset" 777
"../../../Engine/Plugins/Interchange/Assets/Content/gltf/MaterialInstances/MI_Sheen_Mask_DS.uexp" 778
"../../../Engine/Plugins/Interchange/Assets/Content/gltf/MaterialInstances/MI_Sheen_Mask.uasset" 779
"../../../Engine/Plugins/Interchange/Assets/Content/gltf/MaterialInstances/MI_Sheen_Mask.uexp" 780
"../../../Engine/Plugins/Interchange/Assets/Content/gltf/MaterialInstances/MI_Sheen_Blend_DS.uasset" 781
"../../../Engine/Plugins/Interchange/Assets/Content/gltf/MaterialInstances/MI_Sheen_Blend_DS.uexp" 782
"../../../Engine/Plugins/Interchange/Assets/Content/gltf/MaterialInstances/MI_Sheen_Blend.uasset" 783
"../../../Engine/Plugins/Interchange/Assets/Content/gltf/MaterialInstances/MI_Sheen_Blend.uexp" 784
"../../../Engine/Plugins/Interchange/Assets/Content/gltf/MaterialBodies/MF_Default_Body.uasset" 785
"../../../Engine/Plugins/Interchange/Assets/Content/gltf/MaterialBodies/MF_Default_Body.uexp" 786
"../../../Engine/Plugins/Interchange/Assets/Content/gltf/M_Default.uasset" 787
"../../../Engine/Plugins/Interchange/Assets/Content/gltf/M_Default.uexp" 788
"../../../Engine/Plugins/Interchange/Assets/Content/gltf/MaterialInstances/MI_Default_Opaque_DS.uasset" 789
"../../../Engine/Plugins/Interchange/Assets/Content/gltf/MaterialInstances/MI_Default_Opaque_DS.uexp" 790
"../../../Engine/Plugins/Interchange/Assets/Content/gltf/MaterialInstances/MI_Default_Opaque.uasset" 791
"../../../Engine/Plugins/Interchange/Assets/Content/gltf/MaterialInstances/MI_Default_Opaque.uexp" 792
"../../../Engine/Plugins/Interchange/Assets/Content/gltf/MaterialInstances/MI_Default_Mask_DS.uasset" 793
"../../../Engine/Plugins/Interchange/Assets/Content/gltf/MaterialInstances/MI_Default_Mask_DS.uexp" 794
"../../../Engine/Plugins/Interchange/Assets/Content/gltf/MaterialInstances/MI_Default_Mask.uasset" 795
"../../../Engine/Plugins/Interchange/Assets/Content/gltf/MaterialInstances/MI_Default_Mask.uexp" 796
"../../../Engine/Plugins/Interchange/Assets/Content/gltf/MaterialInstances/MI_Default_Blend_DS.uasset" 797
"../../../Engine/Plugins/Interchange/Assets/Content/gltf/MaterialInstances/MI_Default_Blend_DS.uexp" 798
"../../../Engine/Plugins/Interchange/Assets/Content/gltf/MaterialInstances/MI_Default_Blend.uasset" 799
"../../../Engine/Plugins/Interchange/Assets/Content/gltf/MaterialInstances/MI_Default_Blend.uexp" 800
"../../../Engine/Content/Functions/Engine_MaterialFunctions01/Texturing/FlattenNormal.uasset" 801
"../../../Engine/Content/Functions/Engine_MaterialFunctions01/Texturing/FlattenNormal.uexp" 802
"../../../Engine/Plugins/Interchange/Assets/Content/gltf/MaterialFunctions/MF_Clearcoat.uasset" 803
"../../../Engine/Plugins/Interchange/Assets/Content/gltf/MaterialFunctions/MF_Clearcoat.uexp" 804
"../../../Engine/Plugins/Interchange/Assets/Content/gltf/MaterialBodies/MF_ClearCoat_Body.uasset" 805
"../../../Engine/Plugins/Interchange/Assets/Content/gltf/MaterialBodies/MF_ClearCoat_Body.uexp" 806
"../../../Engine/Plugins/Interchange/Assets/Content/gltf/M_ClearCoat.uasset" 807
"../../../Engine/Plugins/Interchange/Assets/Content/gltf/M_ClearCoat.uexp" 808
"../../../Engine/Plugins/Interchange/Assets/Content/gltf/MaterialInstances/MI_ClearCoat_Opaque_DS.uasset" 809
"../../../Engine/Plugins/Interchange/Assets/Content/gltf/MaterialInstances/MI_ClearCoat_Opaque_DS.uexp" 810
"../../../Engine/Plugins/Interchange/Assets/Content/gltf/MaterialInstances/MI_ClearCoat_Opaque.uasset" 811
"../../../Engine/Plugins/Interchange/Assets/Content/gltf/MaterialInstances/MI_ClearCoat_Opaque.uexp" 812
"../../../Engine/Plugins/Interchange/Assets/Content/gltf/MaterialInstances/MI_ClearCoat_Mask_DS.uasset" 813
"../../../Engine/Plugins/Interchange/Assets/Content/gltf/MaterialInstances/MI_ClearCoat_Mask_DS.uexp" 814
"../../../Engine/Plugins/Interchange/Assets/Content/gltf/MaterialInstances/MI_ClearCoat_Mask.uasset" 815
"../../../Engine/Plugins/Interchange/Assets/Content/gltf/MaterialInstances/MI_ClearCoat_Mask.uexp" 816
"../../../Engine/Plugins/Interchange/Assets/Content/gltf/MaterialInstances/MI_ClearCoat_Blend_DS.uasset" 817
"../../../Engine/Plugins/Interchange/Assets/Content/gltf/MaterialInstances/MI_ClearCoat_Blend_DS.uexp" 818
"../../../Engine/Plugins/Interchange/Assets/Content/gltf/MaterialInstances/MI_ClearCoat_Blend.uasset" 819
"../../../Engine/Plugins/Interchange/Assets/Content/gltf/MaterialInstances/MI_ClearCoat_Blend.uexp" 820
"../../../Engine/Content/VREditor/TransformGizmo/Main.uasset" 821
"../../../Engine/Content/VREditor/TransformGizmo/Main.uexp" 822
"../../../Engine/Content/VREditor/TransformGizmo/Xray.uasset" 823
"../../../Engine/Content/VREditor/TransformGizmo/Xray.uexp" 824
"../../../Engine/Content/VREditor/TransformGizmo/SM_Sequencer_Node.ubulk" 825
"../../../Engine/Content/VREditor/TransformGizmo/SM_Sequencer_Node.uasset" 826
"../../../Engine/Content/VREditor/TransformGizmo/SM_Sequencer_Node.uexp" 827
"../../../Engine/Content/VREditor/LaserPointer/VR_LaserPower_01.ubulk" 828
"../../../Engine/Content/VREditor/LaserPointer/VR_LaserPower_01.uasset" 829
"../../../Engine/Content/VREditor/LaserPointer/VR_LaserPower_01.uexp" 830
"../../../Engine/Content/VREditor/TransformGizmo/TransformGizmoMaterial.uasset" 831
"../../../Engine/Content/VREditor/TransformGizmo/TransformGizmoMaterial.uexp" 832
"../../../Engine/Content/VREditor/TransformGizmo/TranslucentTransformGizmoMaterial.uasset" 833
"../../../Engine/Content/VREditor/TransformGizmo/TranslucentTransformGizmoMaterial.uexp" 834
"../../../Engine/Content/VREditor/TransformGizmo/BoundingBoxEdge.ubulk" 835
"../../../Engine/Content/VREditor/TransformGizmo/BoundingBoxEdge.uasset" 836
"../../../Engine/Content/VREditor/TransformGizmo/BoundingBoxEdge.uexp" 837
"../../../Engine/Content/VREditor/TransformGizmo/BoundingBoxCorner.ubulk" 838
"../../../Engine/Content/VREditor/TransformGizmo/BoundingBoxCorner.uasset" 839
"../../../Engine/Content/VREditor/TransformGizmo/BoundingBoxCorner.uexp" 840
"../../../Engine/Content/Functions/Engine_MaterialFunctions01/Shading/PowerToRoughness.uasset" 841
"../../../Engine/Content/Functions/Engine_MaterialFunctions01/Shading/PowerToRoughness.uexp" 842
"../../../Engine/Content/Functions/Engine_MaterialFunctions01/Shading/ConvertFromDiffSpec.uasset" 843
"../../../Engine/Content/Functions/Engine_MaterialFunctions01/Shading/ConvertFromDiffSpec.uexp" 844
"../../../Engine/Content/EngineMaterials/Substrate/Volume/SubstrateSimpleVolumeLUT3D.uasset" 845
"../../../Engine/Content/EngineMaterials/Substrate/Volume/SubstrateSimpleVolumeLUT3D.uexp" 846
"../../../Engine/Content/EngineMaterials/Substrate/Volume/SubstrateSimpleVolumeEnvLUT3D.uasset" 847
"../../../Engine/Content/EngineMaterials/Substrate/Volume/SubstrateSimpleVolumeEnvLUT3D.uexp" 848
"../../../Engine/Content/EngineMaterials/Substrate/GLints2/AGlintTex2dArray2.uasset" 849
"../../../Engine/Content/EngineMaterials/Substrate/GLints2/AGlintTex2dArray2.uexp" 850
"../../../Engine/Content/EngineMaterials/Substrate/GLints/AGlintTex2dArray.uasset" 851
"../../../Engine/Content/EngineMaterials/Substrate/GLints/AGlintTex2dArray.uexp" 852
"../../../Engine/Content/ArtTools/RenderToTexture/Meshes/S_1_Unit_Plane.ubulk" 853
"../../../Engine/Content/ArtTools/RenderToTexture/Meshes/S_1_Unit_Plane.uasset" 854
"../../../Engine/Content/ArtTools/RenderToTexture/Meshes/S_1_Unit_Plane.uexp" 855
"C:/Users/rodri/Documents/GitHub/3D_Game_Project/PoltergEYEst/Content/Blueprints/AIHelpers/BP_Waypoint.uasset" 856
"C:/Users/rodri/Documents/GitHub/3D_Game_Project/PoltergEYEst/Content/Blueprints/AIHelpers/BP_Waypoint.uexp" 857
"../../../Engine/Content/BasicShapes/Cube.ubulk" 858
"../../../Engine/Content/BasicShapes/Cube.uasset" 859
"../../../Engine/Content/BasicShapes/Cube.uexp" 860
"C:/Users/rodri/Documents/GitHub/3D_Game_Project/PoltergEYEst/Content/LevelPrototyping/Materials/M_Platform.uasset" 861
"C:/Users/rodri/Documents/GitHub/3D_Game_Project/PoltergEYEst/Content/LevelPrototyping/Materials/M_Platform.uexp" 862
"C:/Users/rodri/Documents/GitHub/3D_Game_Project/PoltergEYEst/Content/Meshes/Princess/PrincessWSkeleton_Skeleton.uasset" 863
"C:/Users/rodri/Documents/GitHub/3D_Game_Project/PoltergEYEst/Content/Meshes/Princess/PrincessWSkeleton_Skeleton.uexp" 864
"../../../Engine/Plugins/Animation/ACLPlugin/Content/ACLAnimBoneCompressionSettings.uasset" 865
"../../../Engine/Plugins/Animation/ACLPlugin/Content/ACLAnimBoneCompressionSettings.uexp" 866
"../../../Engine/Content/Animation/DefaultVariableFrameStrippingSettings.uasset" 867
"../../../Engine/Content/Animation/DefaultVariableFrameStrippingSettings.uexp" 868
"../../../Engine/Plugins/Animation/ACLPlugin/Content/ACLAnimCurveCompressionSettings.uasset" 869
"../../../Engine/Plugins/Animation/ACLPlugin/Content/ACLAnimCurveCompressionSettings.uexp" 870
"C:/Users/rodri/Documents/GitHub/3D_Game_Project/PoltergEYEst/Content/Animations/Princess/Anim_Princess_Idle.uasset" 871
"C:/Users/rodri/Documents/GitHub/3D_Game_Project/PoltergEYEst/Content/Animations/Princess/Anim_Princess_Idle.uexp" 872
"../../../Engine/Plugins/Interchange/Assets/Content/Functions/MF_PhongToMetalRoughness.uasset" 873
"../../../Engine/Plugins/Interchange/Assets/Content/Functions/MF_PhongToMetalRoughness.uexp" 874
"C:/Users/rodri/Documents/GitHub/3D_Game_Project/PoltergEYEst/Content/Materials/Princess/M_pele.uasset" 875
"C:/Users/rodri/Documents/GitHub/3D_Game_Project/PoltergEYEst/Content/Materials/Princess/M_pele.uexp" 876
"C:/Users/rodri/Documents/GitHub/3D_Game_Project/PoltergEYEst/Content/Materials/Princess/M_preto.uasset" 877
"C:/Users/rodri/Documents/GitHub/3D_Game_Project/PoltergEYEst/Content/Materials/Princess/M_preto.uexp" 878
"C:/Users/rodri/Documents/GitHub/3D_Game_Project/PoltergEYEst/Content/Materials/Princess/M_Rosa.uasset" 879
"C:/Users/rodri/Documents/GitHub/3D_Game_Project/PoltergEYEst/Content/Materials/Princess/M_Rosa.uexp" 880
"C:/Users/rodri/Documents/GitHub/3D_Game_Project/PoltergEYEst/Content/Materials/Princess/M_coroa.uasset" 881
"C:/Users/rodri/Documents/GitHub/3D_Game_Project/PoltergEYEst/Content/Materials/Princess/M_coroa.uexp" 882
"C:/Users/rodri/Documents/GitHub/3D_Game_Project/PoltergEYEst/Content/Meshes/Princess/PrincessWSkeleton_PhysicsAsset.uasset" 883
"C:/Users/rodri/Documents/GitHub/3D_Game_Project/PoltergEYEst/Content/Meshes/Princess/PrincessWSkeleton_PhysicsAsset.uexp" 884
"C:/Users/rodri/Documents/GitHub/3D_Game_Project/PoltergEYEst/Content/Materials/Princess/M_amarelo.uasset" 885
"C:/Users/rodri/Documents/GitHub/3D_Game_Project/PoltergEYEst/Content/Materials/Princess/M_amarelo.uexp" 886
"C:/Users/rodri/Documents/GitHub/3D_Game_Project/PoltergEYEst/Content/Materials/Princess/M_roxo.uasset" 887
"C:/Users/rodri/Documents/GitHub/3D_Game_Project/PoltergEYEst/Content/Materials/Princess/M_roxo.uexp" 888
"C:/Users/rodri/Documents/GitHub/3D_Game_Project/PoltergEYEst/Content/Meshes/Princess/PrincessWSkeleton.uasset" 889
"C:/Users/rodri/Documents/GitHub/3D_Game_Project/PoltergEYEst/Content/Meshes/Princess/PrincessWSkeleton.uexp" 890
"C:/Users/rodri/Documents/GitHub/3D_Game_Project/PoltergEYEst/Content/Blueprints/BP_Princess.uasset" 891
"C:/Users/rodri/Documents/GitHub/3D_Game_Project/PoltergEYEst/Content/Blueprints/BP_Princess.uexp" 892
"../../../Engine/Content/BasicShapes/Sphere.ubulk" 893
"../../../Engine/Content/BasicShapes/Sphere.uasset" 894
"../../../Engine/Content/BasicShapes/Sphere.uexp" 895
"C:/Users/rodri/Documents/GitHub/3D_Game_Project/PoltergEYEst/Content/LevelPrototyping/Materials/M_MiniDoor.uasset" 896
"C:/Users/rodri/Documents/GitHub/3D_Game_Project/PoltergEYEst/Content/LevelPrototyping/Materials/M_MiniDoor.uexp" 897
"C:/Users/rodri/Documents/GitHub/3D_Game_Project/PoltergEYEst/Content/Materials/Sphere/M_Sphere.uasset" 898
"C:/Users/rodri/Documents/GitHub/3D_Game_Project/PoltergEYEst/Content/Materials/Sphere/M_Sphere.uexp" 899
"C:/Users/rodri/Documents/GitHub/3D_Game_Project/PoltergEYEst/Content/LevelPrototyping/Meshes/minidoorCenter.ubulk" 900
"C:/Users/rodri/Documents/GitHub/3D_Game_Project/PoltergEYEst/Content/LevelPrototyping/Meshes/minidoorCenter.uasset" 901
"C:/Users/rodri/Documents/GitHub/3D_Game_Project/PoltergEYEst/Content/LevelPrototyping/Meshes/minidoorCenter.uexp" 902
"C:/Users/rodri/Documents/GitHub/3D_Game_Project/PoltergEYEst/Content/LevelPrototyping/Meshes/minidoorEdges.ubulk" 903
"C:/Users/rodri/Documents/GitHub/3D_Game_Project/PoltergEYEst/Content/LevelPrototyping/Meshes/minidoorEdges.uasset" 904
"C:/Users/rodri/Documents/GitHub/3D_Game_Project/PoltergEYEst/Content/LevelPrototyping/Meshes/minidoorEdges.uexp" 905
"C:/Users/rodri/Documents/GitHub/3D_Game_Project/PoltergEYEst/Content/Blueprints/BP_Sphere.uasset" 906
"C:/Users/rodri/Documents/GitHub/3D_Game_Project/PoltergEYEst/Content/Blueprints/BP_Sphere.uexp" 907
"C:/Users/rodri/Documents/GitHub/3D_Game_Project/PoltergEYEst/Content/Blueprints/BP_Platform.uasset" 908
"C:/Users/rodri/Documents/GitHub/3D_Game_Project/PoltergEYEst/Content/Blueprints/BP_Platform.uexp" 909
"C:/Users/rodri/Documents/GitHub/3D_Game_Project/PoltergEYEst/Content/Meshes/Broom/WitchBWSkeleton_Skeleton.uasset" 910
"C:/Users/rodri/Documents/GitHub/3D_Game_Project/PoltergEYEst/Content/Meshes/Broom/WitchBWSkeleton_Skeleton.uexp" 911
"C:/Users/rodri/Documents/GitHub/3D_Game_Project/PoltergEYEst/Content/Materials/Witch/M_roxoVestido.uasset" 912
"C:/Users/rodri/Documents/GitHub/3D_Game_Project/PoltergEYEst/Content/Materials/Witch/M_roxoVestido.uexp" 913
"C:/Users/rodri/Documents/GitHub/3D_Game_Project/PoltergEYEst/Content/Meshes/Broom/WitchBWSkeleton_PhysicsAsset.uasset" 914
"C:/Users/rodri/Documents/GitHub/3D_Game_Project/PoltergEYEst/Content/Meshes/Broom/WitchBWSkeleton_PhysicsAsset.uexp" 915
"C:/Users/rodri/Documents/GitHub/3D_Game_Project/PoltergEYEst/Content/Materials/Witch/M_amarelo.uasset" 916
"C:/Users/rodri/Documents/GitHub/3D_Game_Project/PoltergEYEst/Content/Materials/Witch/M_amarelo.uexp" 917
"C:/Users/rodri/Documents/GitHub/3D_Game_Project/PoltergEYEst/Content/Meshes/Broom/WitchBWSkeleton.uasset" 918
"C:/Users/rodri/Documents/GitHub/3D_Game_Project/PoltergEYEst/Content/Meshes/Broom/WitchBWSkeleton.uexp" 919
"C:/Users/rodri/Documents/GitHub/3D_Game_Project/PoltergEYEst/Content/Meshes/Witch/WitchWSkeleton_Skeleton.uasset" 920
"C:/Users/rodri/Documents/GitHub/3D_Game_Project/PoltergEYEst/Content/Meshes/Witch/WitchWSkeleton_Skeleton.uexp" 921
"C:/Users/rodri/Documents/GitHub/3D_Game_Project/PoltergEYEst/Content/Animations/Witch/Anim_Witch_Run.uasset" 922
"C:/Users/rodri/Documents/GitHub/3D_Game_Project/PoltergEYEst/Content/Animations/Witch/Anim_Witch_Run.uexp" 923
"C:/Users/rodri/Documents/GitHub/3D_Game_Project/PoltergEYEst/Content/Animations/Witch/Anim_Witch_Idle.uasset" 924
"C:/Users/rodri/Documents/GitHub/3D_Game_Project/PoltergEYEst/Content/Animations/Witch/Anim_Witch_Idle.uexp" 925
"C:/Users/rodri/Documents/GitHub/3D_Game_Project/PoltergEYEst/Content/Animations/Witch/Anim_Witch_Alert.uasset" 926
"C:/Users/rodri/Documents/GitHub/3D_Game_Project/PoltergEYEst/Content/Animations/Witch/Anim_Witch_Alert.uexp" 927
"C:/Users/rodri/Documents/GitHub/3D_Game_Project/PoltergEYEst/Content/Animations/Witch/AB_Witch.uasset" 928
"C:/Users/rodri/Documents/GitHub/3D_Game_Project/PoltergEYEst/Content/Animations/Witch/AB_Witch.uexp" 929
"C:/Users/rodri/Documents/GitHub/3D_Game_Project/PoltergEYEst/Content/Blueprints/AI/AIC_PathFollower.uasset" 930
"C:/Users/rodri/Documents/GitHub/3D_Game_Project/PoltergEYEst/Content/Blueprints/AI/AIC_PathFollower.uexp" 931
"C:/Users/rodri/Documents/GitHub/3D_Game_Project/PoltergEYEst/Content/Materials/Witch/M_preto.uasset" 932
"C:/Users/rodri/Documents/GitHub/3D_Game_Project/PoltergEYEst/Content/Materials/Witch/M_preto.uexp" 933
"C:/Users/rodri/Documents/GitHub/3D_Game_Project/PoltergEYEst/Content/Materials/Witch/M_roxoClaro.uasset" 934
"C:/Users/rodri/Documents/GitHub/3D_Game_Project/PoltergEYEst/Content/Materials/Witch/M_roxoClaro.uexp" 935
"C:/Users/rodri/Documents/GitHub/3D_Game_Project/PoltergEYEst/Content/Materials/Witch/M_azul.uasset" 936
"C:/Users/rodri/Documents/GitHub/3D_Game_Project/PoltergEYEst/Content/Materials/Witch/M_azul.uexp" 937
"C:/Users/rodri/Documents/GitHub/3D_Game_Project/PoltergEYEst/Content/Materials/Witch/M_verde.uasset" 938
"C:/Users/rodri/Documents/GitHub/3D_Game_Project/PoltergEYEst/Content/Materials/Witch/M_verde.uexp" 939
"C:/Users/rodri/Documents/GitHub/3D_Game_Project/PoltergEYEst/Content/Materials/Witch/M_roxo.uasset" 940
"C:/Users/rodri/Documents/GitHub/3D_Game_Project/PoltergEYEst/Content/Materials/Witch/M_roxo.uexp" 941
"C:/Users/rodri/Documents/GitHub/3D_Game_Project/PoltergEYEst/Content/Meshes/Witch/WitchWSkeleton_PhysicsAsset.uasset" 942
"C:/Users/rodri/Documents/GitHub/3D_Game_Project/PoltergEYEst/Content/Meshes/Witch/WitchWSkeleton_PhysicsAsset.uexp" 943
"C:/Users/rodri/Documents/GitHub/3D_Game_Project/PoltergEYEst/Content/Meshes/Witch/WitchWSkeleton.uasset" 944
"C:/Users/rodri/Documents/GitHub/3D_Game_Project/PoltergEYEst/Content/Meshes/Witch/WitchWSkeleton.uexp" 945
"C:/Users/rodri/Documents/GitHub/3D_Game_Project/PoltergEYEst/Content/Animations/Broom/Anim_Broom_Idle.uasset" 946
"C:/Users/rodri/Documents/GitHub/3D_Game_Project/PoltergEYEst/Content/Animations/Broom/Anim_Broom_Idle.uexp" 947
"C:/Users/rodri/Documents/GitHub/3D_Game_Project/PoltergEYEst/Content/Blueprints/AI/BP_AIWitch.uasset" 948
"C:/Users/rodri/Documents/GitHub/3D_Game_Project/PoltergEYEst/Content/Blueprints/AI/BP_AIWitch.uexp" 949
"C:/Users/rodri/Documents/GitHub/3D_Game_Project/PoltergEYEst/Content/Sound/Music/Denied_Access_-_Density___Time.ubulk" 950
"C:/Users/rodri/Documents/GitHub/3D_Game_Project/PoltergEYEst/Content/Sound/Music/Denied_Access_-_Density___Time.uasset" 951
"C:/Users/rodri/Documents/GitHub/3D_Game_Project/PoltergEYEst/Content/Sound/Music/Denied_Access_-_Density___Time.uexp" 952
"../../../Engine/Plugins/NNE/NNEDenoiser/Content/NNE_oidn2-3-0_rt_hdr_calb_cnrm_large__dyn__fp16_opset11_ForwardAlpha.uasset" 953
"../../../Engine/Plugins/NNE/NNEDenoiser/Content/NNE_oidn2-3-0_rt_hdr_calb_cnrm_large__dyn__fp16_opset11_ForwardAlpha.uexp" 954
"../../../Engine/Plugins/NNE/NNEDenoiser/Content/NNE_oidn2-3-0_rt_hdr_calb_cnrm_large__dyn__fp16_opset11_DenoiseAlpha.uasset" 955
"../../../Engine/Plugins/NNE/NNEDenoiser/Content/NNE_oidn2-3-0_rt_hdr_calb_cnrm_large__dyn__fp16_opset11_DenoiseAlpha.uexp" 956
"../../../Engine/Plugins/NNE/NNEDenoiser/Content/NNE_oidn2-3-0_rt_hdr_alb_nrm__dyn__fp16_opset11_ForwardAlpha.uasset" 957
"../../../Engine/Plugins/NNE/NNEDenoiser/Content/NNE_oidn2-3-0_rt_hdr_alb_nrm__dyn__fp16_opset11_ForwardAlpha.uexp" 958
"../../../Engine/Plugins/NNE/NNEDenoiser/Content/NNE_oidn2-3-0_rt_hdr_alb_nrm__dyn__fp16_opset11_DenoiseAlpha.uasset" 959
"../../../Engine/Plugins/NNE/NNEDenoiser/Content/NNE_oidn2-3-0_rt_hdr_alb_nrm__dyn__fp16_opset11_DenoiseAlpha.uexp" 960
"../../../Engine/Plugins/NNE/NNEDenoiser/Content/NNE_oidn2-3-0_rt_hdr_alb_nrm_small__dyn__fp16_opset11_ForwardAlpha.uasset" 961
"../../../Engine/Plugins/NNE/NNEDenoiser/Content/NNE_oidn2-3-0_rt_hdr_alb_nrm_small__dyn__fp16_opset11_ForwardAlpha.uexp" 962
"../../../Engine/Plugins/NNE/NNEDenoiser/Content/NNE_oidn2-3-0_rt_hdr_alb_nrm_small__dyn__fp16_opset11_DenoiseAlpha.uasset" 963
"../../../Engine/Plugins/NNE/NNEDenoiser/Content/NNE_oidn2-3-0_rt_hdr_alb_nrm_small__dyn__fp16_opset11_DenoiseAlpha.uexp" 964
"../../../Engine/Plugins/NNE/NNEDenoiser/Content/NNED_Oidn2-3_HighQuality_Alpha.uasset" 965
"../../../Engine/Plugins/NNE/NNEDenoiser/Content/NNED_Oidn2-3_HighQuality_Alpha.uexp" 966
"../../../Engine/Plugins/NNE/NNEDenoiser/Content/NNED_Oidn2-3_HighQuality.uasset" 967
"../../../Engine/Plugins/NNE/NNEDenoiser/Content/NNED_Oidn2-3_HighQuality.uexp" 968
"../../../Engine/Plugins/NNE/NNEDenoiser/Content/NNED_Oidn2-3_Fast_Alpha.uasset" 969
"../../../Engine/Plugins/NNE/NNEDenoiser/Content/NNED_Oidn2-3_Fast_Alpha.uexp" 970
"../../../Engine/Plugins/NNE/NNEDenoiser/Content/NNED_Oidn2-3_Fast.uasset" 971
"../../../Engine/Plugins/NNE/NNEDenoiser/Content/NNED_Oidn2-3_Fast.uexp" 972
"../../../Engine/Plugins/NNE/NNEDenoiser/Content/NNED_Oidn2-3_Balanced_Alpha.uasset" 973
"../../../Engine/Plugins/NNE/NNEDenoiser/Content/NNED_Oidn2-3_Balanced_Alpha.uexp" 974
"../../../Engine/Plugins/NNE/NNEDenoiser/Content/NNED_Oidn2-3_Balanced.uasset" 975
"../../../Engine/Plugins/NNE/NNEDenoiser/Content/NNED_Oidn2-3_Balanced.uexp" 976
"../../../Engine/Plugins/NNE/NNEDenoiser/Content/NNEDT_Oidn2-3_Balanced_Alpha.uasset" 977
"../../../Engine/Plugins/NNE/NNEDenoiser/Content/NNEDT_Oidn2-3_Balanced_Alpha.uexp" 978
"../../../Engine/Plugins/NNE/NNEDenoiser/Content/NNEDT_Oidn2-3_Balanced.uasset" 979
"../../../Engine/Plugins/NNE/NNEDenoiser/Content/NNEDT_Oidn2-3_Balanced.uexp" 980
"C:/Users/rodri/Documents/GitHub/3D_Game_Project/PoltergEYEst/Content/UI/Images/Artboard_2_copy-8.uasset" 981
"C:/Users/rodri/Documents/GitHub/3D_Game_Project/PoltergEYEst/Content/UI/Images/Artboard_2_copy-8.uexp" 982
"C:/Users/rodri/Documents/GitHub/3D_Game_Project/PoltergEYEst/Content/UI/Cursor.uasset" 983
"C:/Users/rodri/Documents/GitHub/3D_Game_Project/PoltergEYEst/Content/UI/Cursor.uexp" 984
"../../../Engine/Plugins/Animation/DeformerGraph/Content/Deformers/DG_LinearBlendSkin_Morph_Cloth_RecomputeNormals.uasset" 985
"../../../Engine/Plugins/Animation/DeformerGraph/Content/Deformers/DG_LinearBlendSkin_Morph_Cloth_RecomputeNormals.uexp" 986
"../../../Engine/Plugins/Animation/DeformerGraph/Content/Deformers/DG_LinearBlendSkin_Morph_Cloth.uasset" 987
"../../../Engine/Plugins/Animation/DeformerGraph/Content/Deformers/DG_LinearBlendSkin_Morph_Cloth.uexp" 988
"../../../Engine/Plugins/Animation/DeformerGraph/Content/DeformerFunctions/DG_Function_LinearBlendSkin_Morph_Cloth_PositionOnly.uasset" 989
"../../../Engine/Plugins/Animation/DeformerGraph/Content/DeformerFunctions/DG_Function_LinearBlendSkin_Morph_Cloth_PositionOnly.uexp" 990
"../../../Engine/Plugins/Animation/DeformerGraph/Content/DeformerFunctions/DG_Function_LinearBlendSkin_Morph_Cloth.uasset" 991
"../../../Engine/Plugins/Animation/DeformerGraph/Content/DeformerFunctions/DG_Function_LinearBlendSkin_Morph_Cloth.uexp" 992
"../../../Engine/Plugins/Animation/DeformerGraph/Content/DeformerFunctions/DG_Function_ComputeNormalsTangents.uasset" 993
"../../../Engine/Plugins/Animation/DeformerGraph/Content/DeformerFunctions/DG_Function_ComputeNormalsTangents.uexp" 994
"../../../Engine/Content/VREditor/TransformGizmo/StartRotationHandleIndicator.ubulk" 995
"../../../Engine/Content/VREditor/TransformGizmo/StartRotationHandleIndicator.uasset" 996
"../../../Engine/Content/VREditor/TransformGizmo/StartRotationHandleIndicator.uexp" 997
"../../../Engine/Content/VREditor/Sounds/UI/Drop_Item_From_ContentBrowser.ubulk" 998
"../../../Engine/Content/VREditor/Sounds/UI/Drop_Item_From_ContentBrowser.uasset" 999
"../../../Engine/Content/VREditor/Sounds/UI/Drop_Item_From_ContentBrowser.uexp" 1000
"../../../Engine/Content/VREditor/TransformGizmo/PlaneTranslationHandle.ubulk" 1001
"../../../Engine/Content/VREditor/TransformGizmo/PlaneTranslationHandle.uasset" 1002
"../../../Engine/Content/VREditor/TransformGizmo/PlaneTranslationHandle.uexp" 1003
"../../../Engine/Content/VREditor/Sounds/UI/Object_Snaps_To_Grid.ubulk" 1004
"../../../Engine/Content/VREditor/Sounds/UI/Object_Snaps_To_Grid.uasset" 1005
"../../../Engine/Content/VREditor/Sounds/UI/Object_Snaps_To_Grid.uexp" 1006
"../../../Engine/Content/VREditor/Sounds/UI/Selection_Changes.ubulk" 1007
"../../../Engine/Content/VREditor/Sounds/UI/Selection_Changes.uasset" 1008
"../../../Engine/Content/VREditor/Sounds/UI/Selection_Changes.uexp" 1009
"../../../Engine/Content/VREditor/Sounds/UI/Object_Snaps_To_Another_Actor.ubulk" 1010
"../../../Engine/Content/VREditor/Sounds/UI/Object_Snaps_To_Another_Actor.uasset" 1011
"../../../Engine/Content/VREditor/Sounds/UI/Object_Snaps_To_Another_Actor.uexp" 1012
"../../../Engine/Content/VREditor/TransformGizmo/TranslucentTransformGizmoMaterial_Inst.uasset" 1013
"../../../Engine/Content/VREditor/TransformGizmo/TranslucentTransformGizmoMaterial_Inst.uexp" 1014
"../../../Engine/Content/VREditor/TransformGizmo/TransformGizmoFreeRotation.ubulk" 1015
"../../../Engine/Content/VREditor/TransformGizmo/TransformGizmoFreeRotation.uasset" 1016
"../../../Engine/Content/VREditor/TransformGizmo/TransformGizmoFreeRotation.uexp" 1017
"../../../Engine/Content/VREditor/Sounds/UI/Scaling_Down.ubulk" 1018
"../../../Engine/Content/VREditor/Sounds/UI/Scaling_Down.uasset" 1019
"../../../Engine/Content/VREditor/Sounds/UI/Scaling_Down.uexp" 1020
"../../../Engine/Content/Functions/Engine_MaterialFunctions02/SplitComponents.uasset" 1021
"../../../Engine/Content/Functions/Engine_MaterialFunctions02/SplitComponents.uexp" 1022
"../../../Engine/Content/VREditor/SnapGrid/SnapGridMaterial.uasset" 1023
"../../../Engine/Content/VREditor/SnapGrid/SnapGridMaterial.uexp" 1024
"../../../Engine/Content/VREditor/SnapGrid/SnapGridPlaneMesh.ubulk" 1025
"../../../Engine/Content/VREditor/SnapGrid/SnapGridPlaneMesh.uasset" 1026
"../../../Engine/Content/VREditor/SnapGrid/SnapGridPlaneMesh.uexp" 1027
"../../../Engine/Content/VREditor/Sounds/UI/Scaling_Up.ubulk" 1028
"../../../Engine/Content/VREditor/Sounds/UI/Scaling_Up.uasset" 1029
"../../../Engine/Content/VREditor/Sounds/UI/Scaling_Up.uexp" 1030
"../../../Engine/Content/VREditor/TransformGizmo/TransformGizmoMaterial_Inst.uasset" 1031
"../../../Engine/Content/VREditor/TransformGizmo/TransformGizmoMaterial_Inst.uexp" 1032
"../../../Engine/Content/VREditor/Sounds/UI/Gizmo_Handle_Clicked.ubulk" 1033
"../../../Engine/Content/VREditor/Sounds/UI/Gizmo_Handle_Clicked.uasset" 1034
"../../../Engine/Content/VREditor/Sounds/UI/Gizmo_Handle_Clicked.uexp" 1035
"../../../Engine/Content/VREditor/TransformGizmo/RotationHandleQuarter.ubulk" 1036
"../../../Engine/Content/VREditor/TransformGizmo/RotationHandleQuarter.uasset" 1037
"../../../Engine/Content/VREditor/TransformGizmo/RotationHandleQuarter.uexp" 1038
"../../../Engine/Content/VREditor/TransformGizmo/TranslateArrowHandle.ubulk" 1039
"../../../Engine/Content/VREditor/TransformGizmo/TranslateArrowHandle.uasset" 1040
"../../../Engine/Content/VREditor/TransformGizmo/TranslateArrowHandle.uexp" 1041
"../../../Engine/Content/VREditor/TransformGizmo/RotationHandleIndicator.ubulk" 1042
"../../../Engine/Content/VREditor/TransformGizmo/RotationHandleIndicator.uasset" 1043
"../../../Engine/Content/VREditor/TransformGizmo/RotationHandleIndicator.uexp" 1044
"../../../Engine/Content/VREditor/TransformGizmo/UniformScaleHandle.ubulk" 1045
"../../../Engine/Content/VREditor/TransformGizmo/UniformScaleHandle.uasset" 1046
"../../../Engine/Content/VREditor/TransformGizmo/UniformScaleHandle.uexp" 1047
"../../../Engine/Content/VREditor/TransformGizmo/RotationHandleFull.ubulk" 1048
"../../../Engine/Content/VREditor/TransformGizmo/RotationHandleFull.uasset" 1049
"../../../Engine/Content/VREditor/TransformGizmo/RotationHandleFull.uexp" 1050
"../../../Engine/Content/VREditor/Sounds/UI/Object_PickUp.ubulk" 1051
"../../../Engine/Content/VREditor/Sounds/UI/Object_PickUp.uasset" 1052
"../../../Engine/Content/VREditor/Sounds/UI/Object_PickUp.uexp" 1053
"../../../Engine/Content/EngineResources/LandscapeVisibilityLayerInfo.uasset" 1054
"../../../Engine/Content/EngineResources/LandscapeVisibilityLayerInfo.uexp" 1055
"C:/Users/rodri/Documents/GitHub/3D_Game_Project/PoltergEYEst/Content/LevelPrototyping/Textures/T_Box1.ubulk" 1056
"C:/Users/rodri/Documents/GitHub/3D_Game_Project/PoltergEYEst/Content/LevelPrototyping/Textures/T_Box1.uasset" 1057
"C:/Users/rodri/Documents/GitHub/3D_Game_Project/PoltergEYEst/Content/LevelPrototyping/Textures/T_Box1.uexp" 1058
"C:/Users/rodri/Documents/GitHub/3D_Game_Project/PoltergEYEst/Content/LevelPrototyping/Materials/M_Box.uasset" 1059
"C:/Users/rodri/Documents/GitHub/3D_Game_Project/PoltergEYEst/Content/LevelPrototyping/Materials/M_Box.uexp" 1060
"C:/Users/rodri/Documents/GitHub/3D_Game_Project/PoltergEYEst/Content/LevelPrototyping/Meshes/BigBox.ubulk" 1061
"C:/Users/rodri/Documents/GitHub/3D_Game_Project/PoltergEYEst/Content/LevelPrototyping/Meshes/BigBox.uasset" 1062
"C:/Users/rodri/Documents/GitHub/3D_Game_Project/PoltergEYEst/Content/LevelPrototyping/Meshes/BigBox.uexp" 1063
"C:/Users/rodri/Documents/GitHub/3D_Game_Project/PoltergEYEst/Content/LevelPrototyping/Textures/T_Furniture.ubulk" 1064
"C:/Users/rodri/Documents/GitHub/3D_Game_Project/PoltergEYEst/Content/LevelPrototyping/Textures/T_Furniture.uasset" 1065
"C:/Users/rodri/Documents/GitHub/3D_Game_Project/PoltergEYEst/Content/LevelPrototyping/Textures/T_Furniture.uexp" 1066
"C:/Users/rodri/Documents/GitHub/3D_Game_Project/PoltergEYEst/Content/LevelPrototyping/Materials/M_wood2.uasset" 1067
"C:/Users/rodri/Documents/GitHub/3D_Game_Project/PoltergEYEst/Content/LevelPrototyping/Materials/M_wood2.uexp" 1068
"C:/Users/rodri/Documents/GitHub/3D_Game_Project/PoltergEYEst/Content/LevelPrototyping/Meshes/Shelf.ubulk" 1069
"C:/Users/rodri/Documents/GitHub/3D_Game_Project/PoltergEYEst/Content/LevelPrototyping/Meshes/Shelf.uasset" 1070
"C:/Users/rodri/Documents/GitHub/3D_Game_Project/PoltergEYEst/Content/LevelPrototyping/Meshes/Shelf.uexp" 1071
"../../../Engine/Content/BasicShapes/Plane.ubulk" 1072
"../../../Engine/Content/BasicShapes/Plane.uasset" 1073
"../../../Engine/Content/BasicShapes/Plane.uexp" 1074
"C:/Users/rodri/Documents/GitHub/3D_Game_Project/PoltergEYEst/Content/LevelPrototyping/Textures/Spider_Web_Corner_PNG_Clip_Art_Image.uasset" 1075
"C:/Users/rodri/Documents/GitHub/3D_Game_Project/PoltergEYEst/Content/LevelPrototyping/Textures/Spider_Web_Corner_PNG_Clip_Art_Image.uexp" 1076
"C:/Users/rodri/Documents/GitHub/3D_Game_Project/PoltergEYEst/Content/LevelPrototyping/Textures/Spider_Web_Corner_PNG_Clip_Art_Image_Mat.uasset" 1077
"C:/Users/rodri/Documents/GitHub/3D_Game_Project/PoltergEYEst/Content/LevelPrototyping/Textures/Spider_Web_Corner_PNG_Clip_Art_Image_Mat.uexp" 1078
"C:/Users/rodri/Documents/GitHub/3D_Game_Project/PoltergEYEst/Content/LevelPrototyping/Meshes/CristalBallFeet_001.ubulk" 1079
"C:/Users/rodri/Documents/GitHub/3D_Game_Project/PoltergEYEst/Content/LevelPrototyping/Meshes/CristalBallFeet_001.uasset" 1080
"C:/Users/rodri/Documents/GitHub/3D_Game_Project/PoltergEYEst/Content/LevelPrototyping/Meshes/CristalBallFeet_001.uexp" 1081
"C:/Users/rodri/Documents/GitHub/3D_Game_Project/PoltergEYEst/Content/LevelPrototyping/Materials/M_CrystalBallBase.uasset" 1082
"C:/Users/rodri/Documents/GitHub/3D_Game_Project/PoltergEYEst/Content/LevelPrototyping/Materials/M_CrystalBallBase.uexp" 1083
"C:/Users/rodri/Documents/GitHub/3D_Game_Project/PoltergEYEst/Content/LevelPrototyping/Meshes/Rug.ubulk" 1084
"C:/Users/rodri/Documents/GitHub/3D_Game_Project/PoltergEYEst/Content/LevelPrototyping/Meshes/Rug.uasset" 1085
"C:/Users/rodri/Documents/GitHub/3D_Game_Project/PoltergEYEst/Content/LevelPrototyping/Meshes/Rug.uexp" 1086
"C:/Users/rodri/Documents/GitHub/3D_Game_Project/PoltergEYEst/Content/LevelPrototyping/Textures/T_Rug.ubulk" 1087
"C:/Users/rodri/Documents/GitHub/3D_Game_Project/PoltergEYEst/Content/LevelPrototyping/Textures/T_Rug.uasset" 1088
"C:/Users/rodri/Documents/GitHub/3D_Game_Project/PoltergEYEst/Content/LevelPrototyping/Textures/T_Rug.uexp" 1089
"C:/Users/rodri/Documents/GitHub/3D_Game_Project/PoltergEYEst/Content/LevelPrototyping/Materials/M_Rug.uasset" 1090
"C:/Users/rodri/Documents/GitHub/3D_Game_Project/PoltergEYEst/Content/LevelPrototyping/Materials/M_Rug.uexp" 1091
"C:/Users/rodri/Documents/GitHub/3D_Game_Project/PoltergEYEst/Content/LevelPrototyping/Materials/M_Clay.uasset" 1092
"C:/Users/rodri/Documents/GitHub/3D_Game_Project/PoltergEYEst/Content/LevelPrototyping/Materials/M_Clay.uexp" 1093
"C:/Users/rodri/Documents/GitHub/3D_Game_Project/PoltergEYEst/Content/LevelPrototyping/Materials/M_Candle.uasset" 1094
"C:/Users/rodri/Documents/GitHub/3D_Game_Project/PoltergEYEst/Content/LevelPrototyping/Materials/M_Candle.uexp" 1095
"C:/Users/rodri/Documents/GitHub/3D_Game_Project/PoltergEYEst/Content/LevelPrototyping/Meshes/Candle.ubulk" 1096
"C:/Users/rodri/Documents/GitHub/3D_Game_Project/PoltergEYEst/Content/LevelPrototyping/Meshes/Candle.uasset" 1097
"C:/Users/rodri/Documents/GitHub/3D_Game_Project/PoltergEYEst/Content/LevelPrototyping/Meshes/Candle.uexp" 1098
"C:/Users/rodri/Documents/GitHub/3D_Game_Project/PoltergEYEst/Content/LevelPrototyping/Textures/T_bookPages.ubulk" 1099
"C:/Users/rodri/Documents/GitHub/3D_Game_Project/PoltergEYEst/Content/LevelPrototyping/Textures/T_bookPages.uasset" 1100
"C:/Users/rodri/Documents/GitHub/3D_Game_Project/PoltergEYEst/Content/LevelPrototyping/Textures/T_bookPages.uexp" 1101
"C:/Users/rodri/Documents/GitHub/3D_Game_Project/PoltergEYEst/Content/LevelPrototyping/Materials/M_BookPages.uasset" 1102
"C:/Users/rodri/Documents/GitHub/3D_Game_Project/PoltergEYEst/Content/LevelPrototyping/Materials/M_BookPages.uexp" 1103
"C:/Users/rodri/Documents/GitHub/3D_Game_Project/PoltergEYEst/Content/LevelPrototyping/Materials/M_BookGreen.uasset" 1104
"C:/Users/rodri/Documents/GitHub/3D_Game_Project/PoltergEYEst/Content/LevelPrototyping/Materials/M_BookGreen.uexp" 1105
"C:/Users/rodri/Documents/GitHub/3D_Game_Project/PoltergEYEst/Content/LevelPrototyping/Meshes/Cube_012.ubulk" 1106
"C:/Users/rodri/Documents/GitHub/3D_Game_Project/PoltergEYEst/Content/LevelPrototyping/Meshes/Cube_012.uasset" 1107
"C:/Users/rodri/Documents/GitHub/3D_Game_Project/PoltergEYEst/Content/LevelPrototyping/Meshes/Cube_012.uexp" 1108
"C:/Users/rodri/Documents/GitHub/3D_Game_Project/PoltergEYEst/Content/LevelPrototyping/Meshes/BeamCeiling2.ubulk" 1109
"C:/Users/rodri/Documents/GitHub/3D_Game_Project/PoltergEYEst/Content/LevelPrototyping/Meshes/BeamCeiling2.uasset" 1110
"C:/Users/rodri/Documents/GitHub/3D_Game_Project/PoltergEYEst/Content/LevelPrototyping/Meshes/BeamCeiling2.uexp" 1111
"C:/Users/rodri/Documents/GitHub/3D_Game_Project/PoltergEYEst/Content/LevelPrototyping/Textures/T_BeamWoodRotated.ubulk" 1112
"C:/Users/rodri/Documents/GitHub/3D_Game_Project/PoltergEYEst/Content/LevelPrototyping/Textures/T_BeamWoodRotated.uasset" 1113
"C:/Users/rodri/Documents/GitHub/3D_Game_Project/PoltergEYEst/Content/LevelPrototyping/Textures/T_BeamWoodRotated.uexp" 1114
"C:/Users/rodri/Documents/GitHub/3D_Game_Project/PoltergEYEst/Content/LevelPrototyping/Materials/M_Wood1Rotated.uasset" 1115
"C:/Users/rodri/Documents/GitHub/3D_Game_Project/PoltergEYEst/Content/LevelPrototyping/Materials/M_Wood1Rotated.uexp" 1116
"C:/Users/rodri/Documents/GitHub/3D_Game_Project/PoltergEYEst/Content/LevelPrototyping/Meshes/WindowBase.ubulk" 1117
"C:/Users/rodri/Documents/GitHub/3D_Game_Project/PoltergEYEst/Content/LevelPrototyping/Meshes/WindowBase.uasset" 1118
"C:/Users/rodri/Documents/GitHub/3D_Game_Project/PoltergEYEst/Content/LevelPrototyping/Meshes/WindowBase.uexp" 1119
"C:/Users/rodri/Documents/GitHub/3D_Game_Project/PoltergEYEst/Content/LevelPrototyping/Materials/M_Rock.uasset" 1120
"C:/Users/rodri/Documents/GitHub/3D_Game_Project/PoltergEYEst/Content/LevelPrototyping/Materials/M_Rock.uexp" 1121
"C:/Users/rodri/Documents/GitHub/3D_Game_Project/PoltergEYEst/Content/LevelPrototyping/Meshes/BeamCeiling2__1_.ubulk" 1122
"C:/Users/rodri/Documents/GitHub/3D_Game_Project/PoltergEYEst/Content/LevelPrototyping/Meshes/BeamCeiling2__1_.uasset" 1123
"C:/Users/rodri/Documents/GitHub/3D_Game_Project/PoltergEYEst/Content/LevelPrototyping/Meshes/BeamCeiling2__1_.uexp" 1124
"C:/Users/rodri/Documents/GitHub/3D_Game_Project/PoltergEYEst/Content/LevelPrototyping/Meshes/Cube_016.ubulk" 1125
"C:/Users/rodri/Documents/GitHub/3D_Game_Project/PoltergEYEst/Content/LevelPrototyping/Meshes/Cube_016.uasset" 1126
"C:/Users/rodri/Documents/GitHub/3D_Game_Project/PoltergEYEst/Content/LevelPrototyping/Meshes/Cube_016.uexp" 1127
"C:/Users/rodri/Documents/GitHub/3D_Game_Project/PoltergEYEst/Content/LevelPrototyping/Meshes/PlantPot.ubulk" 1128
"C:/Users/rodri/Documents/GitHub/3D_Game_Project/PoltergEYEst/Content/LevelPrototyping/Meshes/PlantPot.uasset" 1129
"C:/Users/rodri/Documents/GitHub/3D_Game_Project/PoltergEYEst/Content/LevelPrototyping/Meshes/PlantPot.uexp" 1130
"C:/Users/rodri/Documents/GitHub/3D_Game_Project/PoltergEYEst/Content/LevelPrototyping/Meshes/Book21.ubulk" 1131
"C:/Users/rodri/Documents/GitHub/3D_Game_Project/PoltergEYEst/Content/LevelPrototyping/Meshes/Book21.uasset" 1132
"C:/Users/rodri/Documents/GitHub/3D_Game_Project/PoltergEYEst/Content/LevelPrototyping/Meshes/Book21.uexp" 1133
"C:/Users/rodri/Documents/GitHub/3D_Game_Project/PoltergEYEst/Content/LevelPrototyping/Materials/M_BookBlue.uasset" 1134
"C:/Users/rodri/Documents/GitHub/3D_Game_Project/PoltergEYEst/Content/LevelPrototyping/Materials/M_BookBlue.uexp" 1135
"../../../Engine/Content/EngineSky/T_Sky_Stars.ubulk" 1136
"../../../Engine/Content/EngineSky/T_Sky_Stars.uasset" 1137
"../../../Engine/Content/EngineSky/T_Sky_Stars.uexp" 1138
"../../../Engine/Content/EngineSky/T_Sky_Clouds_M.ubulk" 1139
"../../../Engine/Content/EngineSky/T_Sky_Clouds_M.uasset" 1140
"../../../Engine/Content/EngineSky/T_Sky_Clouds_M.uexp" 1141
"../../../Engine/Content/EngineSky/T_Sky_Blue.ubulk" 1142
"../../../Engine/Content/EngineSky/T_Sky_Blue.uasset" 1143
"../../../Engine/Content/EngineSky/T_Sky_Blue.uexp" 1144
"../../../Engine/Content/EngineSky/M_Sky_Panning_Clouds2.uasset" 1145
"../../../Engine/Content/EngineSky/M_Sky_Panning_Clouds2.uexp" 1146
"../../../Engine/Content/EngineSky/SM_SkySphere.ubulk" 1147
"../../../Engine/Content/EngineSky/SM_SkySphere.uasset" 1148
"../../../Engine/Content/EngineSky/SM_SkySphere.uexp" 1149
"../../../Engine/Content/EngineSky/M_SimpleSkyDome.uasset" 1150
"../../../Engine/Content/EngineSky/M_SimpleSkyDome.uexp" 1151
"C:/Users/rodri/Documents/GitHub/3D_Game_Project/PoltergEYEst/Content/LevelPrototyping/Materials/M_Chest2.uasset" 1152
"C:/Users/rodri/Documents/GitHub/3D_Game_Project/PoltergEYEst/Content/LevelPrototyping/Materials/M_Chest2.uexp" 1153
"C:/Users/rodri/Documents/GitHub/3D_Game_Project/PoltergEYEst/Content/LevelPrototyping/Meshes/Metal_Parts.ubulk" 1154
"C:/Users/rodri/Documents/GitHub/3D_Game_Project/PoltergEYEst/Content/LevelPrototyping/Meshes/Metal_Parts.uasset" 1155
"C:/Users/rodri/Documents/GitHub/3D_Game_Project/PoltergEYEst/Content/LevelPrototyping/Meshes/Metal_Parts.uexp" 1156
"C:/Users/rodri/Documents/GitHub/3D_Game_Project/PoltergEYEst/Content/LevelPrototyping/Meshes/TrapdoorJoint.ubulk" 1157
"C:/Users/rodri/Documents/GitHub/3D_Game_Project/PoltergEYEst/Content/LevelPrototyping/Meshes/TrapdoorJoint.uasset" 1158
"C:/Users/rodri/Documents/GitHub/3D_Game_Project/PoltergEYEst/Content/LevelPrototyping/Meshes/TrapdoorJoint.uexp" 1159
"C:/Users/rodri/Documents/GitHub/3D_Game_Project/PoltergEYEst/Content/LevelPrototyping/Materials/M_Cauldron.uasset" 1160
"C:/Users/rodri/Documents/GitHub/3D_Game_Project/PoltergEYEst/Content/LevelPrototyping/Materials/M_Cauldron.uexp" 1161
"C:/Users/rodri/Documents/GitHub/3D_Game_Project/PoltergEYEst/Content/LevelPrototyping/Meshes/Window.ubulk" 1162
"C:/Users/rodri/Documents/GitHub/3D_Game_Project/PoltergEYEst/Content/LevelPrototyping/Meshes/Window.uasset" 1163
"C:/Users/rodri/Documents/GitHub/3D_Game_Project/PoltergEYEst/Content/LevelPrototyping/Meshes/Window.uexp" 1164
"C:/Users/rodri/Documents/GitHub/3D_Game_Project/PoltergEYEst/Content/LevelPrototyping/Meshes/Potion1.ubulk" 1165
"C:/Users/rodri/Documents/GitHub/3D_Game_Project/PoltergEYEst/Content/LevelPrototyping/Meshes/Potion1.uasset" 1166
"C:/Users/rodri/Documents/GitHub/3D_Game_Project/PoltergEYEst/Content/LevelPrototyping/Meshes/Potion1.uexp" 1167
"C:/Users/rodri/Documents/GitHub/3D_Game_Project/PoltergEYEst/Content/LevelPrototyping/Materials/M_Potion1.uasset" 1168
"C:/Users/rodri/Documents/GitHub/3D_Game_Project/PoltergEYEst/Content/LevelPrototyping/Materials/M_Potion1.uexp" 1169
"C:/Users/rodri/Documents/GitHub/3D_Game_Project/PoltergEYEst/Content/LevelPrototyping/Materials/M_Potion3.uasset" 1170
"C:/Users/rodri/Documents/GitHub/3D_Game_Project/PoltergEYEst/Content/LevelPrototyping/Materials/M_Potion3.uexp" 1171
"C:/Users/rodri/Documents/GitHub/3D_Game_Project/PoltergEYEst/Content/LevelPrototyping/Textures/T_BeamWood.ubulk" 1172
"C:/Users/rodri/Documents/GitHub/3D_Game_Project/PoltergEYEst/Content/LevelPrototyping/Textures/T_BeamWood.uasset" 1173
"C:/Users/rodri/Documents/GitHub/3D_Game_Project/PoltergEYEst/Content/LevelPrototyping/Textures/T_BeamWood.uexp" 1174
"C:/Users/rodri/Documents/GitHub/3D_Game_Project/PoltergEYEst/Content/LevelPrototyping/Materials/M_Wood1.uasset" 1175
"C:/Users/rodri/Documents/GitHub/3D_Game_Project/PoltergEYEst/Content/LevelPrototyping/Materials/M_Wood1.uexp" 1176
"C:/Users/rodri/Documents/GitHub/3D_Game_Project/PoltergEYEst/Content/LevelPrototyping/Meshes/Beam.ubulk" 1177
"C:/Users/rodri/Documents/GitHub/3D_Game_Project/PoltergEYEst/Content/LevelPrototyping/Meshes/Beam.uasset" 1178
"C:/Users/rodri/Documents/GitHub/3D_Game_Project/PoltergEYEst/Content/LevelPrototyping/Meshes/Beam.uexp" 1179
"C:/Users/rodri/Documents/GitHub/3D_Game_Project/PoltergEYEst/Content/LevelPrototyping/Textures/sparkle.uasset" 1180
"C:/Users/rodri/Documents/GitHub/3D_Game_Project/PoltergEYEst/Content/LevelPrototyping/Textures/sparkle.uexp" 1181
"C:/Users/rodri/Documents/GitHub/3D_Game_Project/PoltergEYEst/Content/LevelPrototyping/Materials/M_Sparkle.uasset" 1182
"C:/Users/rodri/Documents/GitHub/3D_Game_Project/PoltergEYEst/Content/LevelPrototyping/Materials/M_Sparkle.uexp" 1183
"../../../Engine/Plugins/FX/Niagara/Content/VectorFields/Assets/TilingCurl32.uasset" 1184
"../../../Engine/Plugins/FX/Niagara/Content/VectorFields/Assets/TilingCurl32.uexp" 1185
"C:/Users/rodri/Documents/GitHub/3D_Game_Project/PoltergEYEst/Content/LevelPrototyping/NS_Sparkle.uasset" 1186
"C:/Users/rodri/Documents/GitHub/3D_Game_Project/PoltergEYEst/Content/LevelPrototyping/NS_Sparkle.uexp" 1187
"C:/Users/rodri/Documents/GitHub/3D_Game_Project/PoltergEYEst/Content/LevelPrototyping/Materials/M_BookPurple.uasset" 1188
"C:/Users/rodri/Documents/GitHub/3D_Game_Project/PoltergEYEst/Content/LevelPrototyping/Materials/M_BookPurple.uexp" 1189
"C:/Users/rodri/Documents/GitHub/3D_Game_Project/PoltergEYEst/Content/LevelPrototyping/Textures/T_Wall.ubulk" 1190
"C:/Users/rodri/Documents/GitHub/3D_Game_Project/PoltergEYEst/Content/LevelPrototyping/Textures/T_Wall.uasset" 1191
"C:/Users/rodri/Documents/GitHub/3D_Game_Project/PoltergEYEst/Content/LevelPrototyping/Textures/T_Wall.uexp" 1192
"C:/Users/rodri/Documents/GitHub/3D_Game_Project/PoltergEYEst/Content/LevelPrototyping/Materials/M_StoneWall1.uasset" 1193
"C:/Users/rodri/Documents/GitHub/3D_Game_Project/PoltergEYEst/Content/LevelPrototyping/Materials/M_StoneWall1.uexp" 1194
"C:/Users/rodri/Documents/GitHub/3D_Game_Project/PoltergEYEst/Content/LevelPrototyping/Meshes/Wall.ubulk" 1195
"C:/Users/rodri/Documents/GitHub/3D_Game_Project/PoltergEYEst/Content/LevelPrototyping/Meshes/Wall.uasset" 1196
"C:/Users/rodri/Documents/GitHub/3D_Game_Project/PoltergEYEst/Content/LevelPrototyping/Meshes/Wall.uexp" 1197
"C:/Users/rodri/Documents/GitHub/3D_Game_Project/PoltergEYEst/Content/LevelPrototyping/Meshes/Trapdoor.ubulk" 1198
"C:/Users/rodri/Documents/GitHub/3D_Game_Project/PoltergEYEst/Content/LevelPrototyping/Meshes/Trapdoor.uasset" 1199
"C:/Users/rodri/Documents/GitHub/3D_Game_Project/PoltergEYEst/Content/LevelPrototyping/Meshes/Trapdoor.uexp" 1200
"C:/Users/rodri/Documents/GitHub/3D_Game_Project/PoltergEYEst/Content/LevelPrototyping/Materials/M_Potion2.uasset" 1201
"C:/Users/rodri/Documents/GitHub/3D_Game_Project/PoltergEYEst/Content/LevelPrototyping/Materials/M_Potion2.uexp" 1202
"C:/Users/rodri/Documents/GitHub/3D_Game_Project/PoltergEYEst/Content/LevelPrototyping/Meshes/WallWindow.ubulk" 1203
"C:/Users/rodri/Documents/GitHub/3D_Game_Project/PoltergEYEst/Content/LevelPrototyping/Meshes/WallWindow.uasset" 1204
"C:/Users/rodri/Documents/GitHub/3D_Game_Project/PoltergEYEst/Content/LevelPrototyping/Meshes/WallWindow.uexp" 1205
"C:/Users/rodri/Documents/GitHub/3D_Game_Project/PoltergEYEst/Content/LevelPrototyping/Meshes/Flame.ubulk" 1206
"C:/Users/rodri/Documents/GitHub/3D_Game_Project/PoltergEYEst/Content/LevelPrototyping/Meshes/Flame.uasset" 1207
"C:/Users/rodri/Documents/GitHub/3D_Game_Project/PoltergEYEst/Content/LevelPrototyping/Meshes/Flame.uexp" 1208
"C:/Users/rodri/Documents/GitHub/3D_Game_Project/PoltergEYEst/Content/LevelPrototyping/Materials/Flame.uasset" 1209
"C:/Users/rodri/Documents/GitHub/3D_Game_Project/PoltergEYEst/Content/LevelPrototyping/Materials/Flame.uexp" 1210
"C:/Users/rodri/Documents/GitHub/3D_Game_Project/PoltergEYEst/Content/LevelPrototyping/Meshes/CristalBallBase.ubulk" 1211
"C:/Users/rodri/Documents/GitHub/3D_Game_Project/PoltergEYEst/Content/LevelPrototyping/Meshes/CristalBallBase.uasset" 1212
"C:/Users/rodri/Documents/GitHub/3D_Game_Project/PoltergEYEst/Content/LevelPrototyping/Meshes/CristalBallBase.uexp" 1213
"C:/Users/rodri/Documents/GitHub/3D_Game_Project/PoltergEYEst/Content/LevelPrototyping/Materials/M_Potion4.uasset" 1214
"C:/Users/rodri/Documents/GitHub/3D_Game_Project/PoltergEYEst/Content/LevelPrototyping/Materials/M_Potion4.uexp" 1215
"C:/Users/rodri/Documents/GitHub/3D_Game_Project/PoltergEYEst/Content/LevelPrototyping/Meshes/Potion2.ubulk" 1216
"C:/Users/rodri/Documents/GitHub/3D_Game_Project/PoltergEYEst/Content/LevelPrototyping/Meshes/Potion2.uasset" 1217
"C:/Users/rodri/Documents/GitHub/3D_Game_Project/PoltergEYEst/Content/LevelPrototyping/Meshes/Potion2.uexp" 1218
"C:/Users/rodri/Documents/GitHub/3D_Game_Project/PoltergEYEst/Content/LevelPrototyping/Textures/T_Box2.ubulk" 1219
"C:/Users/rodri/Documents/GitHub/3D_Game_Project/PoltergEYEst/Content/LevelPrototyping/Textures/T_Box2.uasset" 1220
"C:/Users/rodri/Documents/GitHub/3D_Game_Project/PoltergEYEst/Content/LevelPrototyping/Textures/T_Box2.uexp" 1221
"C:/Users/rodri/Documents/GitHub/3D_Game_Project/PoltergEYEst/Content/LevelPrototyping/Materials/M_Box2.uasset" 1222
"C:/Users/rodri/Documents/GitHub/3D_Game_Project/PoltergEYEst/Content/LevelPrototyping/Materials/M_Box2.uexp" 1223
"C:/Users/rodri/Documents/GitHub/3D_Game_Project/PoltergEYEst/Content/LevelPrototyping/Meshes/TinyBox.ubulk" 1224
"C:/Users/rodri/Documents/GitHub/3D_Game_Project/PoltergEYEst/Content/LevelPrototyping/Meshes/TinyBox.uasset" 1225
"C:/Users/rodri/Documents/GitHub/3D_Game_Project/PoltergEYEst/Content/LevelPrototyping/Meshes/TinyBox.uexp" 1226
"C:/Users/rodri/Documents/GitHub/3D_Game_Project/PoltergEYEst/Content/PostProcess/Functions/MF_GetKernel.uasset" 1227
"C:/Users/rodri/Documents/GitHub/3D_Game_Project/PoltergEYEst/Content/PostProcess/Functions/MF_GetKernel.uexp" 1228
"C:/Users/rodri/Documents/GitHub/3D_Game_Project/PoltergEYEst/Content/PostProcess/Functions/MF_DetectEdges_Depth.uasset" 1229
"C:/Users/rodri/Documents/GitHub/3D_Game_Project/PoltergEYEst/Content/PostProcess/Functions/MF_DetectEdges_Depth.uexp" 1230
"C:/Users/rodri/Documents/GitHub/3D_Game_Project/PoltergEYEst/Content/PostProcess/Functions/MF_ThicknessModulation.uasset" 1231
"C:/Users/rodri/Documents/GitHub/3D_Game_Project/PoltergEYEst/Content/PostProcess/Functions/MF_ThicknessModulation.uexp" 1232
"C:/Users/rodri/Documents/GitHub/3D_Game_Project/PoltergEYEst/Content/PostProcess/Functions/MF_DTM_GrazingAngle.uasset" 1233
"C:/Users/rodri/Documents/GitHub/3D_Game_Project/PoltergEYEst/Content/PostProcess/Functions/MF_DTM_GrazingAngle.uexp" 1234
"C:/Users/rodri/Documents/GitHub/3D_Game_Project/PoltergEYEst/Content/PostProcess/Functions/MF_DetectEdges_Normal.uasset" 1235
"C:/Users/rodri/Documents/GitHub/3D_Game_Project/PoltergEYEst/Content/PostProcess/Functions/MF_DetectEdges_Normal.uexp" 1236
"C:/Users/rodri/Documents/GitHub/3D_Game_Project/PoltergEYEst/Content/PostProcess/PP_OutlineShader.uasset" 1237
"C:/Users/rodri/Documents/GitHub/3D_Game_Project/PoltergEYEst/Content/PostProcess/PP_OutlineShader.uexp" 1238
"C:/Users/rodri/Documents/GitHub/3D_Game_Project/PoltergEYEst/Content/PostProcess/PP_OutlineShader_Inst.uasset" 1239
"C:/Users/rodri/Documents/GitHub/3D_Game_Project/PoltergEYEst/Content/PostProcess/PP_OutlineShader_Inst.uexp" 1240
"C:/Users/rodri/Documents/GitHub/3D_Game_Project/PoltergEYEst/Content/PostProcess/M_CellShading.uasset" 1241
"C:/Users/rodri/Documents/GitHub/3D_Game_Project/PoltergEYEst/Content/PostProcess/M_CellShading.uexp" 1242
"C:/Users/rodri/Documents/GitHub/3D_Game_Project/PoltergEYEst/Content/LevelPrototyping/Meshes/Plant.ubulk" 1243
"C:/Users/rodri/Documents/GitHub/3D_Game_Project/PoltergEYEst/Content/LevelPrototyping/Meshes/Plant.uasset" 1244
"C:/Users/rodri/Documents/GitHub/3D_Game_Project/PoltergEYEst/Content/LevelPrototyping/Meshes/Plant.uexp" 1245
"C:/Users/rodri/Documents/GitHub/3D_Game_Project/PoltergEYEst/Content/FirstPerson/Maps/_GENERATED/simao/Box_517FC2FF.ubulk" 1246
"C:/Users/rodri/Documents/GitHub/3D_Game_Project/PoltergEYEst/Content/FirstPerson/Maps/_GENERATED/simao/Box_517FC2FF.uasset" 1247
"C:/Users/rodri/Documents/GitHub/3D_Game_Project/PoltergEYEst/Content/FirstPerson/Maps/_GENERATED/simao/Box_517FC2FF.uexp" 1248
"C:/Users/rodri/Documents/GitHub/3D_Game_Project/PoltergEYEst/Content/LevelPrototyping/Textures/T_Floor.ubulk" 1249
"C:/Users/rodri/Documents/GitHub/3D_Game_Project/PoltergEYEst/Content/LevelPrototyping/Textures/T_Floor.uasset" 1250
"C:/Users/rodri/Documents/GitHub/3D_Game_Project/PoltergEYEst/Content/LevelPrototyping/Textures/T_Floor.uexp" 1251
"C:/Users/rodri/Documents/GitHub/3D_Game_Project/PoltergEYEst/Content/LevelPrototyping/Materials/M_Floor.uasset" 1252
"C:/Users/rodri/Documents/GitHub/3D_Game_Project/PoltergEYEst/Content/LevelPrototyping/Materials/M_Floor.uexp" 1253
"C:/Users/rodri/Documents/GitHub/3D_Game_Project/PoltergEYEst/Content/LevelPrototyping/Meshes/Key.ubulk" 1254
"C:/Users/rodri/Documents/GitHub/3D_Game_Project/PoltergEYEst/Content/LevelPrototyping/Meshes/Key.uasset" 1255
"C:/Users/rodri/Documents/GitHub/3D_Game_Project/PoltergEYEst/Content/LevelPrototyping/Meshes/Key.uexp" 1256
"../../../Engine/Content/TemplateResources/M_Template_Master.uasset" 1257
"../../../Engine/Content/TemplateResources/M_Template_Master.uexp" 1258
"../../../Engine/Content/TemplateResources/MI_Template_BaseOrange_Metal.uasset" 1259
"../../../Engine/Content/TemplateResources/MI_Template_BaseOrange_Metal.uexp" 1260
"C:/Users/rodri/Documents/GitHub/3D_Game_Project/PoltergEYEst/Content/LevelPrototyping/Meshes/Bookcase.ubulk" 1261
"C:/Users/rodri/Documents/GitHub/3D_Game_Project/PoltergEYEst/Content/LevelPrototyping/Meshes/Bookcase.uasset" 1262
"C:/Users/rodri/Documents/GitHub/3D_Game_Project/PoltergEYEst/Content/LevelPrototyping/Meshes/Bookcase.uexp" 1263
"C:/Users/rodri/Documents/GitHub/3D_Game_Project/PoltergEYEst/Content/LevelPrototyping/Meshes/Cylinder_001.ubulk" 1264
"C:/Users/rodri/Documents/GitHub/3D_Game_Project/PoltergEYEst/Content/LevelPrototyping/Meshes/Cylinder_001.uasset" 1265
"C:/Users/rodri/Documents/GitHub/3D_Game_Project/PoltergEYEst/Content/LevelPrototyping/Meshes/Cylinder_001.uexp" 1266
"C:/Users/rodri/Documents/GitHub/3D_Game_Project/PoltergEYEst/Content/LevelPrototyping/Materials/M_Table.uasset" 1267
"C:/Users/rodri/Documents/GitHub/3D_Game_Project/PoltergEYEst/Content/LevelPrototyping/Materials/M_Table.uexp" 1268
"C:/Users/rodri/Documents/GitHub/3D_Game_Project/PoltergEYEst/Content/LevelPrototyping/Meshes/RoundTableFoot.ubulk" 1269
"C:/Users/rodri/Documents/GitHub/3D_Game_Project/PoltergEYEst/Content/LevelPrototyping/Meshes/RoundTableFoot.uasset" 1270
"C:/Users/rodri/Documents/GitHub/3D_Game_Project/PoltergEYEst/Content/LevelPrototyping/Meshes/RoundTableFoot.uexp" 1271
"C:/Users/rodri/Documents/GitHub/3D_Game_Project/PoltergEYEst/Content/LevelPrototyping/Meshes/RoundTable.ubulk" 1272
"C:/Users/rodri/Documents/GitHub/3D_Game_Project/PoltergEYEst/Content/LevelPrototyping/Meshes/RoundTable.uasset" 1273
"C:/Users/rodri/Documents/GitHub/3D_Game_Project/PoltergEYEst/Content/LevelPrototyping/Meshes/RoundTable.uexp" 1274
"C:/Users/rodri/Documents/GitHub/3D_Game_Project/PoltergEYEst/Content/LevelPrototyping/Textures/T_Chest.ubulk" 1275
"C:/Users/rodri/Documents/GitHub/3D_Game_Project/PoltergEYEst/Content/LevelPrototyping/Textures/T_Chest.uasset" 1276
"C:/Users/rodri/Documents/GitHub/3D_Game_Project/PoltergEYEst/Content/LevelPrototyping/Textures/T_Chest.uexp" 1277
"C:/Users/rodri/Documents/GitHub/3D_Game_Project/PoltergEYEst/Content/LevelPrototyping/Materials/M_Chest.uasset" 1278
"C:/Users/rodri/Documents/GitHub/3D_Game_Project/PoltergEYEst/Content/LevelPrototyping/Materials/M_Chest.uexp" 1279
"C:/Users/rodri/Documents/GitHub/3D_Game_Project/PoltergEYEst/Content/LevelPrototyping/Meshes/Chest.ubulk" 1280
"C:/Users/rodri/Documents/GitHub/3D_Game_Project/PoltergEYEst/Content/LevelPrototyping/Meshes/Chest.uasset" 1281
"C:/Users/rodri/Documents/GitHub/3D_Game_Project/PoltergEYEst/Content/LevelPrototyping/Meshes/Chest.uexp" 1282
"C:/Users/rodri/Documents/GitHub/3D_Game_Project/PoltergEYEst/Content/LevelPrototyping/Meshes/Roundcube_004.ubulk" 1283
"C:/Users/rodri/Documents/GitHub/3D_Game_Project/PoltergEYEst/Content/LevelPrototyping/Meshes/Roundcube_004.uasset" 1284
"C:/Users/rodri/Documents/GitHub/3D_Game_Project/PoltergEYEst/Content/LevelPrototyping/Meshes/Roundcube_004.uexp" 1285
"C:/Users/rodri/Documents/GitHub/3D_Game_Project/PoltergEYEst/Content/LevelPrototyping/Meshes/Torus.ubulk" 1286
"C:/Users/rodri/Documents/GitHub/3D_Game_Project/PoltergEYEst/Content/LevelPrototyping/Meshes/Torus.uasset" 1287
"C:/Users/rodri/Documents/GitHub/3D_Game_Project/PoltergEYEst/Content/LevelPrototyping/Meshes/Torus.uexp" 1288
"C:/Users/rodri/Documents/GitHub/3D_Game_Project/PoltergEYEst/Content/SaveGame/SettingsSave.uasset" 1289
"C:/Users/rodri/Documents/GitHub/3D_Game_Project/PoltergEYEst/Content/SaveGame/SettingsSave.uexp" 1290
"../../../Engine/Content/EngineSounds/Master.uasset" 1291
"../../../Engine/Content/EngineSounds/Master.uexp" 1292
"C:/Users/rodri/Documents/GitHub/3D_Game_Project/PoltergEYEst/Content/Sound/Interface/Hoovering_1.ubulk" 1293
"C:/Users/rodri/Documents/GitHub/3D_Game_Project/PoltergEYEst/Content/Sound/Interface/Hoovering_1.uasset" 1294
"C:/Users/rodri/Documents/GitHub/3D_Game_Project/PoltergEYEst/Content/Sound/Interface/Hoovering_1.uexp" 1295
"C:/Users/rodri/Documents/GitHub/3D_Game_Project/PoltergEYEst/Content/UI/Quit.uasset" 1296
"C:/Users/rodri/Documents/GitHub/3D_Game_Project/PoltergEYEst/Content/UI/Quit.uexp" 1297
"C:/Users/rodri/Documents/GitHub/3D_Game_Project/PoltergEYEst/Content/UI/Credits.uasset" 1298
"C:/Users/rodri/Documents/GitHub/3D_Game_Project/PoltergEYEst/Content/UI/Credits.uexp" 1299
"C:/Users/rodri/Documents/GitHub/3D_Game_Project/PoltergEYEst/Content/Sound/Interface/Level_Transitioning.ubulk" 1300
"C:/Users/rodri/Documents/GitHub/3D_Game_Project/PoltergEYEst/Content/Sound/Interface/Level_Transitioning.uasset" 1301
"C:/Users/rodri/Documents/GitHub/3D_Game_Project/PoltergEYEst/Content/Sound/Interface/Level_Transitioning.uexp" 1302
"C:/Users/rodri/Documents/GitHub/3D_Game_Project/PoltergEYEst/Content/UI/Images/wasd.uasset" 1303
"C:/Users/rodri/Documents/GitHub/3D_Game_Project/PoltergEYEst/Content/UI/Images/wasd.uexp" 1304
"C:/Users/rodri/Documents/GitHub/3D_Game_Project/PoltergEYEst/Content/Sound/MasterVolume.uasset" 1305
"C:/Users/rodri/Documents/GitHub/3D_Game_Project/PoltergEYEst/Content/Sound/MasterVolume.uexp" 1306
"C:/Users/rodri/Documents/GitHub/3D_Game_Project/PoltergEYEst/Content/UI/Options.uasset" 1307
"C:/Users/rodri/Documents/GitHub/3D_Game_Project/PoltergEYEst/Content/UI/Options.uexp" 1308
"C:/Users/rodri/Documents/GitHub/3D_Game_Project/PoltergEYEst/Content/UI/Images/PoltergeyestLogo.uasset" 1309
"C:/Users/rodri/Documents/GitHub/3D_Game_Project/PoltergEYEst/Content/UI/Images/PoltergeyestLogo.uexp" 1310
"C:/Users/rodri/Documents/GitHub/3D_Game_Project/PoltergEYEst/Content/UI/MainMenu.uasset" 1311
"C:/Users/rodri/Documents/GitHub/3D_Game_Project/PoltergEYEst/Content/UI/MainMenu.uexp" 1312
"C:/Users/rodri/Documents/GitHub/3D_Game_Project/PoltergEYEst/Content/GameModes/MenuGameMode.uasset" 1313
"C:/Users/rodri/Documents/GitHub/3D_Game_Project/PoltergEYEst/Content/GameModes/MenuGameMode.uexp" 1314
"C:/Users/rodri/Documents/GitHub/3D_Game_Project/PoltergEYEst/Content/Levels/MainMenu.uexp" 1315
"C:/Users/rodri/Documents/GitHub/3D_Game_Project/PoltergEYEst/Content/Levels/MainMenu.umap" 1316
"C:/Users/rodri/Documents/GitHub/3D_Game_Project/PoltergEYEst/Content/UI/Images/Artboard_2-8.uasset" 1317
"C:/Users/rodri/Documents/GitHub/3D_Game_Project/PoltergEYEst/Content/UI/Images/Artboard_2-8.uexp" 1318
"C:/Users/rodri/Documents/GitHub/3D_Game_Project/PoltergEYEst/Content/UI/PausedOptions.uasset" 1319
"C:/Users/rodri/Documents/GitHub/3D_Game_Project/PoltergEYEst/Content/UI/PausedOptions.uexp" 1320
"C:/Users/rodri/Documents/GitHub/3D_Game_Project/PoltergEYEst/Content/UI/Images/menu1.uasset" 1321
"C:/Users/rodri/Documents/GitHub/3D_Game_Project/PoltergEYEst/Content/UI/Images/menu1.uexp" 1322
"C:/Users/rodri/Documents/GitHub/3D_Game_Project/PoltergEYEst/Content/UI/PauseMenu.uasset" 1323
"C:/Users/rodri/Documents/GitHub/3D_Game_Project/PoltergEYEst/Content/UI/PauseMenu.uexp" 1324
"C:/Users/rodri/Documents/GitHub/3D_Game_Project/PoltergEYEst/Content/UI/LevelMenu.uasset" 1325
"C:/Users/rodri/Documents/GitHub/3D_Game_Project/PoltergEYEst/Content/UI/LevelMenu.uexp" 1326
"C:/Users/rodri/Documents/GitHub/3D_Game_Project/PoltergEYEst/Content/FirstPerson/Input/Actions/IA_Pause.uasset" 1327
"C:/Users/rodri/Documents/GitHub/3D_Game_Project/PoltergEYEst/Content/FirstPerson/Input/Actions/IA_Pause.uexp" 1328
"C:/Users/rodri/Documents/GitHub/3D_Game_Project/PoltergEYEst/Content/FirstPerson/Input/IMC_Default.uasset" 1329
"C:/Users/rodri/Documents/GitHub/3D_Game_Project/PoltergEYEst/Content/FirstPerson/Input/IMC_Default.uexp" 1330
"C:/Users/rodri/Documents/GitHub/3D_Game_Project/PoltergEYEst/Content/FirstPerson/Blueprints/BP_FirstPersonCharacter.uasset" 1331
"C:/Users/rodri/Documents/GitHub/3D_Game_Project/PoltergEYEst/Content/FirstPerson/Blueprints/BP_FirstPersonCharacter.uexp" 1332
"C:/Users/rodri/Documents/GitHub/3D_Game_Project/PoltergEYEst/Content/GameModes/LevelsGameMode.uasset" 1333
"C:/Users/rodri/Documents/GitHub/3D_Game_Project/PoltergEYEst/Content/GameModes/LevelsGameMode.uexp" 1334
"C:/Users/rodri/Documents/GitHub/3D_Game_Project/PoltergEYEst/Content/UI/LoadingScreen.uasset" 1335
"C:/Users/rodri/Documents/GitHub/3D_Game_Project/PoltergEYEst/Content/UI/LoadingScreen.uexp" 1336
"C:/Users/rodri/Documents/GitHub/3D_Game_Project/PoltergEYEst/Content/Levels/Level1.uexp" 1337
"C:/Users/rodri/Documents/GitHub/3D_Game_Project/PoltergEYEst/Content/Levels/Level1.umap" 1338
"../../../Engine/Content/Maps/Entry_BuiltData.uasset" 1339
"../../../Engine/Content/Maps/Entry_BuiltData.uexp" 1340
"../../../Engine/Content/Maps/Entry.uexp" 1341
"../../../Engine/Content/Maps/Entry.umap" 1342
